{"mean_fit_time":0.0007930279,"std_fit_time":0.0003968845,"mean_score_time":0.0106762886,"std_score_time":0.0014215838,"param_n_neighbors":8,"param_weights":"distance","params":{"n_neighbors":8,"weights":"distance"},"split0_test_score":0.5630149729,"split1_test_score":0.8817338244,"split2_test_score":0.8425521032,"split3_test_score":0.8945164524,"split4_test_score":0.8280034639,"mean_test_score":0.8019641634,"std_test_score":0.1219436482,"rank_test_score":1}
{"mean_fit_time":0.0021418571,"std_fit_time":0.0019779501,"mean_score_time":0.0096181393,"std_score_time":0.0020565727,"param_n_neighbors":7,"param_weights":"distance","params":{"n_neighbors":7,"weights":"distance"},"split0_test_score":0.5584755448,"split1_test_score":0.8816306424,"split2_test_score":0.8386005769,"split3_test_score":0.8907536472,"split4_test_score":0.8266832097,"mean_test_score":0.7992287242,"std_test_score":0.1228274176,"rank_test_score":2}
{"mean_fit_time":0.0016829967,"std_fit_time":0.0021469893,"mean_score_time":0.0104658604,"std_score_time":0.0036678386,"param_n_neighbors":9,"param_weights":"distance","params":{"n_neighbors":9,"weights":"distance"},"split0_test_score":0.5540218883,"split1_test_score":0.8779112797,"split2_test_score":0.8385224497,"split3_test_score":0.895136003,"split4_test_score":0.8238905078,"mean_test_score":0.7978964257,"std_test_score":0.1246265368,"rank_test_score":3}
{"mean_fit_time":0.0005027771,"std_fit_time":0.0004490647,"mean_score_time":0.0117195606,"std_score_time":0.0022356619,"param_n_neighbors":6,"param_weights":"distance","params":{"n_neighbors":6,"weights":"distance"},"split0_test_score":0.5468342647,"split1_test_score":0.8818165556,"split2_test_score":0.8402565425,"split3_test_score":0.8898207227,"split4_test_score":0.8302638238,"mean_test_score":0.7977983819,"std_test_score":0.1275671221,"rank_test_score":4}
{"mean_fit_time":0.000399828,"std_fit_time":0.0004896877,"mean_score_time":0.0119355202,"std_score_time":0.0028956172,"param_n_neighbors":5,"param_weights":"distance","params":{"n_neighbors":5,"weights":"distance"},"split0_test_score":0.5308754915,"split1_test_score":0.8831687212,"split2_test_score":0.842747251,"split3_test_score":0.887814336,"split4_test_score":0.8324666393,"mean_test_score":0.7954144878,"std_test_score":0.1340393005,"rank_test_score":5}
