{"mean_fit_time":0.000176239,"std_fit_time":0.000352478,"mean_score_time":0.020029211,"std_score_time":0.0009935933,"param_n_neighbors":5,"param_weights":"uniform","params":{"n_neighbors":5,"weights":"uniform"},"split0_test_score":0.9192260183,"split1_test_score":0.9473832046,"split2_test_score":0.9245636751,"split3_test_score":0.9056869059,"split4_test_score":0.9254172548,"mean_test_score":0.9244554117,"std_test_score":0.0134627183,"rank_test_score":1}
{"mean_fit_time":0.0001940727,"std_fit_time":0.0003881454,"mean_score_time":0.0213488579,"std_score_time":0.001647841,"param_n_neighbors":7,"param_weights":"distance","params":{"n_neighbors":7,"weights":"distance"},"split0_test_score":0.9047759586,"split1_test_score":0.9507442591,"split2_test_score":0.9163961289,"split3_test_score":0.9148142578,"split4_test_score":0.9300551527,"mean_test_score":0.9233571514,"std_test_score":0.0158846749,"rank_test_score":2}
{"mean_fit_time":0.0005941868,"std_fit_time":0.0004852664,"mean_score_time":0.021629858,"std_score_time":0.003376701,"param_n_neighbors":6,"param_weights":"distance","params":{"n_neighbors":6,"weights":"distance"},"split0_test_score":0.9109660813,"split1_test_score":0.9515874629,"split2_test_score":0.9166075625,"split3_test_score":0.9085866847,"split4_test_score":0.9275888178,"mean_test_score":0.9230673218,"std_test_score":0.0156952205,"rank_test_score":3}
{"mean_fit_time":0.0017754078,"std_fit_time":0.002189029,"mean_score_time":0.0187811852,"std_score_time":0.0026106289,"param_n_neighbors":8,"param_weights":"distance","params":{"n_neighbors":8,"weights":"distance"},"split0_test_score":0.9023726862,"split1_test_score":0.9499163967,"split2_test_score":0.9148320287,"split3_test_score":0.916738554,"split4_test_score":0.9305557027,"mean_test_score":0.9228830737,"std_test_score":0.0162044453,"rank_test_score":4}
{"mean_fit_time":0.0017564297,"std_fit_time":0.0021993785,"mean_score_time":0.0175582409,"std_score_time":0.001875464,"param_n_neighbors":4,"param_weights":"uniform","params":{"n_neighbors":4,"weights":"uniform"},"split0_test_score":0.9253513462,"split1_test_score":0.9442087248,"split2_test_score":0.9262525836,"split3_test_score":0.8969752377,"split4_test_score":0.9214709507,"mean_test_score":0.9228517686,"std_test_score":0.015135617,"rank_test_score":5}
