{"mean_fit_time":0.00204916,"std_fit_time":0.0021360968,"mean_score_time":0.4190078259,"std_score_time":0.0132531495,"param_n_neighbors":10,"param_weights":"distance","params":{"n_neighbors":10,"weights":"distance"},"split0_test_score":0.9259430546,"split1_test_score":0.9391279422,"split2_test_score":0.9201975657,"split3_test_score":0.943470992,"split4_test_score":0.9377144697,"mean_test_score":0.9332908049,"std_test_score":0.0087487089,"rank_test_score":1}
{"mean_fit_time":0.0016705036,"std_fit_time":0.0006076225,"mean_score_time":0.412221241,"std_score_time":0.0059521705,"param_n_neighbors":9,"param_weights":"distance","params":{"n_neighbors":9,"weights":"distance"},"split0_test_score":0.9246688578,"split1_test_score":0.9391247231,"split2_test_score":0.9195564406,"split3_test_score":0.9433235938,"split4_test_score":0.938395123,"mean_test_score":0.9330137477,"std_test_score":0.0092014396,"rank_test_score":2}
{"mean_fit_time":0.0006014824,"std_fit_time":0.0008031534,"mean_score_time":0.4103425026,"std_score_time":0.007997979,"param_n_neighbors":8,"param_weights":"distance","params":{"n_neighbors":8,"weights":"distance"},"split0_test_score":0.9251063998,"split1_test_score":0.9392377414,"split2_test_score":0.918926836,"split3_test_score":0.9427028816,"split4_test_score":0.9386538917,"mean_test_score":0.9329255501,"std_test_score":0.0092234156,"rank_test_score":3}
{"mean_fit_time":0.002196312,"std_fit_time":0.0025542667,"mean_score_time":0.4029637814,"std_score_time":0.0047508179,"param_n_neighbors":5,"param_weights":"uniform","params":{"n_neighbors":5,"weights":"uniform"},"split0_test_score":0.92614459,"split1_test_score":0.9387977987,"split2_test_score":0.9175303906,"split3_test_score":0.937330017,"split4_test_score":0.9446340146,"mean_test_score":0.9328873622,"std_test_score":0.0097360756,"rank_test_score":4}
{"mean_fit_time":0.0023984909,"std_fit_time":0.0019589439,"mean_score_time":0.4089169502,"std_score_time":0.0069471524,"param_n_neighbors":7,"param_weights":"distance","params":{"n_neighbors":7,"weights":"distance"},"split0_test_score":0.9253336941,"split1_test_score":0.9387942771,"split2_test_score":0.9192145843,"split3_test_score":0.9420665676,"split4_test_score":0.9387242658,"mean_test_score":0.9328266778,"std_test_score":0.0089129484,"rank_test_score":5}
