{"mean_fit_time":0.0026932716,"std_fit_time":0.0017185879,"mean_score_time":0.4343841076,"std_score_time":0.0114729216,"param_n_neighbors":7,"param_weights":"distance","params":{"n_neighbors":7,"weights":"distance"},"split0_test_score":0.9245056645,"split1_test_score":0.9153057447,"split2_test_score":0.9316613302,"split3_test_score":0.8984327214,"split4_test_score":0.9143447715,"mean_test_score":0.9168500465,"std_test_score":0.0111878661,"rank_test_score":1}
{"mean_fit_time":0.0011985302,"std_fit_time":0.000978596,"mean_score_time":0.425065136,"std_score_time":0.0039768974,"param_n_neighbors":8,"param_weights":"distance","params":{"n_neighbors":8,"weights":"distance"},"split0_test_score":0.9242442774,"split1_test_score":0.9157026825,"split2_test_score":0.9316627034,"split3_test_score":0.8981592215,"split4_test_score":0.9143634529,"mean_test_score":0.9168264675,"std_test_score":0.0112332827,"rank_test_score":2}
{"mean_fit_time":0.0015589237,"std_fit_time":0.0013277899,"mean_score_time":0.4386853695,"std_score_time":0.0128797978,"param_n_neighbors":9,"param_weights":"distance","params":{"n_neighbors":9,"weights":"distance"},"split0_test_score":0.9245912892,"split1_test_score":0.9156165318,"split2_test_score":0.9311006199,"split3_test_score":0.8979231995,"split4_test_score":0.9134700521,"mean_test_score":0.9165403385,"std_test_score":0.0112578643,"rank_test_score":3}
{"mean_fit_time":0.0016012192,"std_fit_time":0.0008006178,"mean_score_time":0.4283668995,"std_score_time":0.0068243507,"param_n_neighbors":6,"param_weights":"distance","params":{"n_neighbors":6,"weights":"distance"},"split0_test_score":0.9232969521,"split1_test_score":0.9152943928,"split2_test_score":0.9310943749,"split3_test_score":0.8977644052,"split4_test_score":0.9144662628,"mean_test_score":0.9163832776,"std_test_score":0.0110971916,"rank_test_score":4}
{"mean_fit_time":0.0015158653,"std_fit_time":0.0012780735,"mean_score_time":0.4278321266,"std_score_time":0.0047419271,"param_n_neighbors":5,"param_weights":"distance","params":{"n_neighbors":5,"weights":"distance"},"split0_test_score":0.9235693554,"split1_test_score":0.9156881111,"split2_test_score":0.9303331785,"split3_test_score":0.8994257378,"split4_test_score":0.9126435273,"mean_test_score":0.916331982,"std_test_score":0.0104714224,"rank_test_score":5}
