{"mean_fit_time":0.0031979084,"std_fit_time":0.0035107246,"mean_score_time":1.2539536476,"std_score_time":0.0267190687,"param_n_neighbors":7,"param_weights":"uniform","params":{"n_neighbors":7,"weights":"uniform"},"split0_test_score":0.9037697921,"split1_test_score":0.916110663,"split2_test_score":0.9256780682,"split3_test_score":0.9253564047,"split4_test_score":0.9197725692,"mean_test_score":0.9181374995,"std_test_score":0.0080272698,"rank_test_score":1}
{"mean_fit_time":0.0078630447,"std_fit_time":0.0051224806,"mean_score_time":1.2515579224,"std_score_time":0.0234382848,"param_n_neighbors":8,"param_weights":"uniform","params":{"n_neighbors":8,"weights":"uniform"},"split0_test_score":0.9035123999,"split1_test_score":0.9157767465,"split2_test_score":0.9249778295,"split3_test_score":0.9250674428,"split4_test_score":0.9196804872,"mean_test_score":0.9178029812,"std_test_score":0.0079511285,"rank_test_score":2}
{"mean_fit_time":0.0057440281,"std_fit_time":0.0026615427,"mean_score_time":1.2696600914,"std_score_time":0.0844792331,"param_n_neighbors":6,"param_weights":"uniform","params":{"n_neighbors":6,"weights":"uniform"},"split0_test_score":0.903982345,"split1_test_score":0.9159574196,"split2_test_score":0.9251572643,"split3_test_score":0.9240440003,"split4_test_score":0.9197702048,"mean_test_score":0.9177822468,"std_test_score":0.0076330819,"rank_test_score":3}
{"mean_fit_time":0.0042787075,"std_fit_time":0.0030509947,"mean_score_time":1.2630130291,"std_score_time":0.0516290836,"param_n_neighbors":10,"param_weights":"uniform","params":{"n_neighbors":10,"weights":"uniform"},"split0_test_score":0.9036331634,"split1_test_score":0.9157411541,"split2_test_score":0.9260278035,"split3_test_score":0.92465568,"split4_test_score":0.9186418382,"mean_test_score":0.9177399278,"std_test_score":0.0080040721,"rank_test_score":4}
{"mean_fit_time":0.0033753395,"std_fit_time":0.0005102314,"mean_score_time":1.264298439,"std_score_time":0.057348018,"param_n_neighbors":9,"param_weights":"uniform","params":{"n_neighbors":9,"weights":"uniform"},"split0_test_score":0.903653359,"split1_test_score":0.9150806813,"split2_test_score":0.9253329228,"split3_test_score":0.9250454678,"split4_test_score":0.9192141038,"mean_test_score":0.9176653069,"std_test_score":0.0079833934,"rank_test_score":5}
