{"mean_fit_time":0.0002002716,"std_fit_time":0.0004005432,"mean_score_time":0.0177238464,"std_score_time":0.0031357298,"param_n_neighbors":6,"param_weights":"uniform","params":{"n_neighbors":6,"weights":"uniform"},"split0_test_score":0.6443597837,"split1_test_score":0.7613398819,"split2_test_score":0.8065903637,"split3_test_score":0.7748301233,"split4_test_score":0.6360536312,"mean_test_score":0.7246347567,"std_test_score":0.0705326161,"rank_test_score":1}
{"mean_fit_time":0.0004014492,"std_fit_time":0.0004917037,"mean_score_time":0.016662693,"std_score_time":0.0031220912,"param_n_neighbors":8,"param_weights":"uniform","params":{"n_neighbors":8,"weights":"uniform"},"split0_test_score":0.6623883836,"split1_test_score":0.7541927946,"split2_test_score":0.8071048657,"split3_test_score":0.7693668602,"split4_test_score":0.6246427784,"mean_test_score":0.7235391365,"std_test_score":0.0686191844,"rank_test_score":2}
{"mean_fit_time":0.0005888939,"std_fit_time":0.0004812997,"mean_score_time":0.0156567097,"std_score_time":0.0016054832,"param_n_neighbors":5,"param_weights":"uniform","params":{"n_neighbors":5,"weights":"uniform"},"split0_test_score":0.6399951453,"split1_test_score":0.7606259875,"split2_test_score":0.8068825857,"split3_test_score":0.77091966,"split4_test_score":0.6370309866,"mean_test_score":0.723090873,"std_test_score":0.0707513008,"rank_test_score":3}
{"mean_fit_time":0.0019049168,"std_fit_time":0.0022412452,"mean_score_time":0.018164587,"std_score_time":0.004998093,"param_n_neighbors":7,"param_weights":"uniform","params":{"n_neighbors":7,"weights":"uniform"},"split0_test_score":0.6479111392,"split1_test_score":0.7589195935,"split2_test_score":0.8113331673,"split3_test_score":0.7713728395,"split4_test_score":0.6191680967,"mean_test_score":0.7217409672,"std_test_score":0.0746248921,"rank_test_score":4}
{"mean_fit_time":0.0016281605,"std_fit_time":0.0023007062,"mean_score_time":0.0157384396,"std_score_time":0.0026856284,"param_n_neighbors":9,"param_weights":"uniform","params":{"n_neighbors":9,"weights":"uniform"},"split0_test_score":0.6591970694,"split1_test_score":0.7581092391,"split2_test_score":0.8072733448,"split3_test_score":0.7574584503,"split4_test_score":0.6209095673,"mean_test_score":0.7205895342,"std_test_score":0.0692621957,"rank_test_score":5}
