{"mean_fit_time":0.0007814407,"std_fit_time":0.0009574853,"mean_score_time":0.1010279655,"std_score_time":0.0060652964,"param_n_neighbors":10,"param_weights":"uniform","params":{"n_neighbors":10,"weights":"uniform"},"split0_test_score":0.8949983218,"split1_test_score":0.905573066,"split2_test_score":0.9042157456,"split3_test_score":0.9039001963,"split4_test_score":0.906818499,"mean_test_score":0.9031011657,"std_test_score":0.0041824795,"rank_test_score":1}
{"mean_fit_time":0.0011219978,"std_fit_time":0.0006781317,"mean_score_time":0.0994685173,"std_score_time":0.0025259508,"param_n_neighbors":9,"param_weights":"uniform","params":{"n_neighbors":9,"weights":"uniform"},"split0_test_score":0.8961778122,"split1_test_score":0.9053574156,"split2_test_score":0.9027767142,"split3_test_score":0.9040981242,"split4_test_score":0.905811279,"mean_test_score":0.9028442691,"std_test_score":0.0034967819,"rank_test_score":2}
{"mean_fit_time":0.0011008263,"std_fit_time":0.0006640079,"mean_score_time":0.1008827209,"std_score_time":0.0046455144,"param_n_neighbors":8,"param_weights":"uniform","params":{"n_neighbors":8,"weights":"uniform"},"split0_test_score":0.89753292,"split1_test_score":0.9055742377,"split2_test_score":0.9018354848,"split3_test_score":0.9037155525,"split4_test_score":0.9048787646,"mean_test_score":0.9027073919,"std_test_score":0.0028804664,"rank_test_score":3}
{"mean_fit_time":0.002991581,"std_fit_time":0.002521308,"mean_score_time":0.0973993301,"std_score_time":0.0022822903,"param_n_neighbors":7,"param_weights":"uniform","params":{"n_neighbors":7,"weights":"uniform"},"split0_test_score":0.896695144,"split1_test_score":0.906052831,"split2_test_score":0.9015340286,"split3_test_score":0.9035196629,"split4_test_score":0.9056066414,"mean_test_score":0.9026816616,"std_test_score":0.0033993526,"rank_test_score":4}
{"mean_fit_time":0.0003745556,"std_fit_time":0.0004604656,"mean_score_time":0.099603653,"std_score_time":0.0039343039,"param_n_neighbors":6,"param_weights":"uniform","params":{"n_neighbors":6,"weights":"uniform"},"split0_test_score":0.8937100306,"split1_test_score":0.9053693812,"split2_test_score":0.9038997705,"split3_test_score":0.902461918,"split4_test_score":0.903703163,"mean_test_score":0.9018288527,"std_test_score":0.0041630067,"rank_test_score":5}
