{"mean_fit_time":0.001502037,"std_fit_time":0.0007747944,"mean_score_time":0.1391927719,"std_score_time":0.0030871233,"param_n_neighbors":10,"param_weights":"distance","params":{"n_neighbors":10,"weights":"distance"},"split0_test_score":0.8986010878,"split1_test_score":0.8944620275,"split2_test_score":0.8568839638,"split3_test_score":0.9006000085,"split4_test_score":0.9112574561,"mean_test_score":0.8923609087,"std_test_score":0.0185845658,"rank_test_score":1}
{"mean_fit_time":0.0013794422,"std_fit_time":0.0007857735,"mean_score_time":0.1384997845,"std_score_time":0.0038295981,"param_n_neighbors":10,"param_weights":"uniform","params":{"n_neighbors":10,"weights":"uniform"},"split0_test_score":0.8959800052,"split1_test_score":0.9079346779,"split2_test_score":0.8520065808,"split3_test_score":0.8890045819,"split4_test_score":0.9146159609,"mean_test_score":0.8919083613,"std_test_score":0.0218615654,"rank_test_score":2}
{"mean_fit_time":0.0013983727,"std_fit_time":0.0004895524,"mean_score_time":0.1376767159,"std_score_time":0.002066427,"param_n_neighbors":8,"param_weights":"uniform","params":{"n_neighbors":8,"weights":"uniform"},"split0_test_score":0.8961782366,"split1_test_score":0.9066977571,"split2_test_score":0.8522440885,"split3_test_score":0.8910307428,"split4_test_score":0.9133712867,"mean_test_score":0.8919044223,"std_test_score":0.0213149708,"rank_test_score":3}
{"mean_fit_time":0.0014001369,"std_fit_time":0.0008001214,"mean_score_time":0.1370409489,"std_score_time":0.0035174423,"param_n_neighbors":9,"param_weights":"uniform","params":{"n_neighbors":9,"weights":"uniform"},"split0_test_score":0.8957515492,"split1_test_score":0.9068467038,"split2_test_score":0.8504302387,"split3_test_score":0.8889554921,"split4_test_score":0.9150584225,"mean_test_score":0.8914084813,"std_test_score":0.0223685234,"rank_test_score":4}
{"mean_fit_time":0.0005614758,"std_fit_time":0.000784105,"mean_score_time":0.1397160053,"std_score_time":0.0034008004,"param_n_neighbors":6,"param_weights":"uniform","params":{"n_neighbors":6,"weights":"uniform"},"split0_test_score":0.8941872509,"split1_test_score":0.9063574457,"split2_test_score":0.8544698461,"split3_test_score":0.8926190451,"split4_test_score":0.9091029932,"mean_test_score":0.8913473162,"std_test_score":0.0195458353,"rank_test_score":5}
