{"mean_fit_time":0.0020685196,"std_fit_time":0.0025998492,"mean_score_time":0.1933718204,"std_score_time":0.0056733028,"param_n_neighbors":10,"param_weights":"distance","params":{"n_neighbors":10,"weights":"distance"},"split0_test_score":0.6190735896,"split1_test_score":0.8854117492,"split2_test_score":0.8825542836,"split3_test_score":0.8720710077,"split4_test_score":0.9282592733,"mean_test_score":0.8374739807,"std_test_score":0.1108764338,"rank_test_score":1}
{"mean_fit_time":0.0010000706,"std_fit_time":0.0008945763,"mean_score_time":0.1944574833,"std_score_time":0.0032872026,"param_n_neighbors":9,"param_weights":"distance","params":{"n_neighbors":9,"weights":"distance"},"split0_test_score":0.6207503497,"split1_test_score":0.8848117611,"split2_test_score":0.8813491404,"split3_test_score":0.8715594195,"split4_test_score":0.9284543731,"mean_test_score":0.8373850088,"std_test_score":0.1100674672,"rank_test_score":2}
{"mean_fit_time":0.0017976761,"std_fit_time":0.0004141798,"mean_score_time":0.2034854889,"std_score_time":0.0074674465,"param_n_neighbors":8,"param_weights":"distance","params":{"n_neighbors":8,"weights":"distance"},"split0_test_score":0.6201438153,"split1_test_score":0.8849880168,"split2_test_score":0.8821343336,"split3_test_score":0.868976438,"split4_test_score":0.9274583655,"mean_test_score":0.8367401938,"std_test_score":0.1100649205,"rank_test_score":3}
{"mean_fit_time":0.001375246,"std_fit_time":0.0007798113,"mean_score_time":0.1987982273,"std_score_time":0.0117204637,"param_n_neighbors":6,"param_weights":"distance","params":{"n_neighbors":6,"weights":"distance"},"split0_test_score":0.6255485056,"split1_test_score":0.8767132597,"split2_test_score":0.8700250297,"split3_test_score":0.8829775551,"split4_test_score":0.9256681357,"mean_test_score":0.8361864972,"std_test_score":0.1071001354,"rank_test_score":4}
{"mean_fit_time":0.0018324375,"std_fit_time":0.0007437842,"mean_score_time":0.2086440086,"std_score_time":0.0082322222,"param_n_neighbors":7,"param_weights":"distance","params":{"n_neighbors":7,"weights":"distance"},"split0_test_score":0.6223846903,"split1_test_score":0.8811139942,"split2_test_score":0.8780666635,"split3_test_score":0.8680328833,"split4_test_score":0.9271947471,"mean_test_score":0.8353585957,"std_test_score":0.1084222373,"rank_test_score":5}
