{"mean_fit_time":0.0008066177,"std_fit_time":0.0007560033,"mean_score_time":0.0754583359,"std_score_time":0.0019978084,"param_n_neighbors":9,"param_weights":"uniform","params":{"n_neighbors":9,"weights":"uniform"},"split0_test_score":0.9425473265,"split1_test_score":0.9465236262,"split2_test_score":0.9490898346,"split3_test_score":0.9362064133,"split4_test_score":0.9330136162,"mean_test_score":0.9414761634,"std_test_score":0.006065925,"rank_test_score":1}
{"mean_fit_time":0.0012639999,"std_fit_time":0.0015924592,"mean_score_time":0.0744012356,"std_score_time":0.0029134102,"param_n_neighbors":7,"param_weights":"uniform","params":{"n_neighbors":7,"weights":"uniform"},"split0_test_score":0.9425950249,"split1_test_score":0.9474014611,"split2_test_score":0.949017928,"split3_test_score":0.9355560408,"split4_test_score":0.9325071179,"mean_test_score":0.9414155145,"std_test_score":0.0064608429,"rank_test_score":2}
{"mean_fit_time":0.0006623745,"std_fit_time":0.0007439534,"mean_score_time":0.0756156445,"std_score_time":0.0019302094,"param_n_neighbors":8,"param_weights":"uniform","params":{"n_neighbors":8,"weights":"uniform"},"split0_test_score":0.9423227851,"split1_test_score":0.9475593388,"split2_test_score":0.9493187324,"split3_test_score":0.9357328661,"split4_test_score":0.9318937394,"mean_test_score":0.9413654924,"std_test_score":0.006692903,"rank_test_score":3}
{"mean_fit_time":0.0007226467,"std_fit_time":0.001021731,"mean_score_time":0.0747545719,"std_score_time":0.0028800878,"param_n_neighbors":6,"param_weights":"uniform","params":{"n_neighbors":6,"weights":"uniform"},"split0_test_score":0.9433929281,"split1_test_score":0.9443314362,"split2_test_score":0.948387792,"split3_test_score":0.9359719897,"split4_test_score":0.9323015298,"mean_test_score":0.9408771352,"std_test_score":0.0058698013,"rank_test_score":4}
{"mean_fit_time":0.0016578197,"std_fit_time":0.001956791,"mean_score_time":0.0741342545,"std_score_time":0.0048621848,"param_n_neighbors":10,"param_weights":"uniform","params":{"n_neighbors":10,"weights":"uniform"},"split0_test_score":0.9422525194,"split1_test_score":0.9456723974,"split2_test_score":0.9485587205,"split3_test_score":0.9349893246,"split4_test_score":0.9327445154,"mean_test_score":0.9408434955,"std_test_score":0.0060777156,"rank_test_score":5}
