{"mean_fit_time":0.0006028652,"std_fit_time":0.0004922786,"mean_score_time":0.0084914684,"std_score_time":0.0013996471,"param_n_neighbors":10,"param_weights":"uniform","params":{"n_neighbors":10,"weights":"uniform"},"split0_test_score":0.7600072244,"split1_test_score":0.8667136784,"split2_test_score":0.6311515904,"split3_test_score":0.695518184,"split4_test_score":0.6788700675,"mean_test_score":0.7264521489,"std_test_score":0.0813663331,"rank_test_score":1}
{"mean_fit_time":0.0032028675,"std_fit_time":0.0025026832,"mean_score_time":0.0050746441,"std_score_time":0.0035861131,"param_n_neighbors":9,"param_weights":"uniform","params":{"n_neighbors":9,"weights":"uniform"},"split0_test_score":0.7370910502,"split1_test_score":0.8606944427,"split2_test_score":0.6419310765,"split3_test_score":0.6904405945,"split4_test_score":0.677610882,"mean_test_score":0.7215536092,"std_test_score":0.075947764,"rank_test_score":2}
{"mean_fit_time":0.0013777256,"std_fit_time":0.0022864572,"mean_score_time":0.0069025517,"std_score_time":0.002391465,"param_n_neighbors":8,"param_weights":"uniform","params":{"n_neighbors":8,"weights":"uniform"},"split0_test_score":0.732031453,"split1_test_score":0.8450367437,"split2_test_score":0.6357075753,"split3_test_score":0.6966946568,"split4_test_score":0.6668273153,"mean_test_score":0.7152595488,"std_test_score":0.0723080494,"rank_test_score":3}
{"mean_fit_time":0.0008094788,"std_fit_time":0.0004049591,"mean_score_time":0.0071110249,"std_score_time":0.0019581373,"param_n_neighbors":7,"param_weights":"uniform","params":{"n_neighbors":7,"weights":"uniform"},"split0_test_score":0.7163531116,"split1_test_score":0.8467379278,"split2_test_score":0.6041698756,"split3_test_score":0.6727399331,"split4_test_score":0.6605658657,"mean_test_score":0.7001133428,"std_test_score":0.0815854821,"rank_test_score":4}
{"mean_fit_time":0.0003996849,"std_fit_time":0.000489512,"mean_score_time":0.0113415718,"std_score_time":0.0039342461,"param_n_neighbors":10,"param_weights":"distance","params":{"n_neighbors":10,"weights":"distance"},"split0_test_score":0.7341963928,"split1_test_score":0.8611930243,"split2_test_score":0.5781780099,"split3_test_score":0.6521365526,"split4_test_score":0.6536368367,"mean_test_score":0.6958681633,"std_test_score":0.0962790463,"rank_test_score":5}
