{"mean_fit_time":0.0003978252,"std_fit_time":0.0004872576,"mean_score_time":0.019080162,"std_score_time":0.0037663103,"param_n_neighbors":3,"param_weights":"uniform","params":{"n_neighbors":3,"weights":"uniform"},"split0_test_score":0.9476953592,"split1_test_score":0.899296658,"split2_test_score":0.8767317912,"split3_test_score":0.8906085176,"split4_test_score":0.8875728777,"mean_test_score":0.9003810407,"std_test_score":0.024733212,"rank_test_score":1}
{"mean_fit_time":0.0011992455,"std_fit_time":0.0003999516,"mean_score_time":0.0220837116,"std_score_time":0.0037683193,"param_n_neighbors":5,"param_weights":"distance","params":{"n_neighbors":5,"weights":"distance"},"split0_test_score":0.9399729965,"split1_test_score":0.8777503829,"split2_test_score":0.883380771,"split3_test_score":0.8970850066,"split4_test_score":0.8920484217,"mean_test_score":0.8980475157,"std_test_score":0.0220079463,"rank_test_score":2}
{"mean_fit_time":0.0010006428,"std_fit_time":0.0006331668,"mean_score_time":0.0219700336,"std_score_time":0.0037125346,"param_n_neighbors":3,"param_weights":"distance","params":{"n_neighbors":3,"weights":"distance"},"split0_test_score":0.9396500135,"split1_test_score":0.8993565306,"split2_test_score":0.882390558,"split3_test_score":0.8837800686,"split4_test_score":0.8843171498,"mean_test_score":0.8978988641,"std_test_score":0.0217696769,"rank_test_score":3}
{"mean_fit_time":0.0021550655,"std_fit_time":0.0023270003,"mean_score_time":0.0248377323,"std_score_time":0.002818186,"param_n_neighbors":4,"param_weights":"distance","params":{"n_neighbors":4,"weights":"distance"},"split0_test_score":0.9402346352,"split1_test_score":0.8861950651,"split2_test_score":0.8781229583,"split3_test_score":0.8919182017,"split4_test_score":0.8883793969,"mean_test_score":0.8969700514,"std_test_score":0.022101846,"rank_test_score":4}
{"mean_fit_time":0.002329874,"std_fit_time":0.0019404575,"mean_score_time":0.0180566311,"std_score_time":0.002920654,"param_n_neighbors":6,"param_weights":"distance","params":{"n_neighbors":6,"weights":"distance"},"split0_test_score":0.937901162,"split1_test_score":0.8669472491,"split2_test_score":0.8890077316,"split3_test_score":0.8980328138,"split4_test_score":0.8915872779,"mean_test_score":0.8966952469,"std_test_score":0.0231077872,"rank_test_score":5}
