{"mean_fit_time":0.0005978107,"std_fit_time":0.0004881253,"mean_score_time":0.0339044571,"std_score_time":0.0007785988,"param_n_neighbors":7,"param_weights":"distance","params":{"n_neighbors":7,"weights":"distance"},"split0_test_score":0.9256126741,"split1_test_score":0.9583923359,"split2_test_score":0.9354185449,"split3_test_score":0.942182034,"split4_test_score":0.9493402087,"mean_test_score":0.9421891595,"std_test_score":0.0112632284,"rank_test_score":1}
{"mean_fit_time":0.0005990028,"std_fit_time":0.0004890845,"mean_score_time":0.0345824718,"std_score_time":0.002838801,"param_n_neighbors":6,"param_weights":"distance","params":{"n_neighbors":6,"weights":"distance"},"split0_test_score":0.9252794684,"split1_test_score":0.9584098059,"split2_test_score":0.9348696456,"split3_test_score":0.9423210988,"split4_test_score":0.9495937401,"mean_test_score":0.9420947518,"std_test_score":0.0114666731,"rank_test_score":2}
{"mean_fit_time":0.0016415596,"std_fit_time":0.002326145,"mean_score_time":0.0343407154,"std_score_time":0.006155309,"param_n_neighbors":8,"param_weights":"distance","params":{"n_neighbors":8,"weights":"distance"},"split0_test_score":0.9260629565,"split1_test_score":0.9570657131,"split2_test_score":0.9348824727,"split3_test_score":0.9423023158,"split4_test_score":0.9492986387,"mean_test_score":0.9419224193,"std_test_score":0.0108162442,"rank_test_score":3}
{"mean_fit_time":0.0009996414,"std_fit_time":0.0006319588,"mean_score_time":0.0360871792,"std_score_time":0.0053607452,"param_n_neighbors":5,"param_weights":"distance","params":{"n_neighbors":5,"weights":"distance"},"split0_test_score":0.9250511939,"split1_test_score":0.9577198725,"split2_test_score":0.9335209249,"split3_test_score":0.9403642409,"split4_test_score":0.9507522253,"mean_test_score":0.9414816915,"std_test_score":0.0116979064,"rank_test_score":4}
{"mean_fit_time":0.0010023117,"std_fit_time":0.0006371763,"mean_score_time":0.0359360218,"std_score_time":0.0037290574,"param_n_neighbors":9,"param_weights":"distance","params":{"n_neighbors":9,"weights":"distance"},"split0_test_score":0.9250973797,"split1_test_score":0.956536623,"split2_test_score":0.9343388808,"split3_test_score":0.9417495346,"split4_test_score":0.9486934848,"mean_test_score":0.9412831806,"std_test_score":0.0109361881,"rank_test_score":5}
