{"mean_fit_time":0.0019628048,"std_fit_time":0.0025328442,"mean_score_time":0.034524107,"std_score_time":0.0045905276,"param_n_neighbors":10,"param_weights":"distance","params":{"n_neighbors":10,"weights":"distance"},"split0_test_score":0.9186801349,"split1_test_score":0.924000393,"split2_test_score":0.9419087086,"split3_test_score":0.9188632107,"split4_test_score":0.9494061104,"mean_test_score":0.9305717115,"std_test_score":0.0126881275,"rank_test_score":1}
{"mean_fit_time":0.001190424,"std_fit_time":0.0004052096,"mean_score_time":0.0317331314,"std_score_time":0.0032291995,"param_n_neighbors":9,"param_weights":"distance","params":{"n_neighbors":9,"weights":"distance"},"split0_test_score":0.9177450258,"split1_test_score":0.9239510025,"split2_test_score":0.9418325574,"split3_test_score":0.9179951594,"split4_test_score":0.9491213826,"mean_test_score":0.9301290256,"std_test_score":0.0129340203,"rank_test_score":2}
{"mean_fit_time":0.000799942,"std_fit_time":0.000399971,"mean_score_time":0.044635725,"std_score_time":0.002214712,"param_n_neighbors":8,"param_weights":"distance","params":{"n_neighbors":8,"weights":"distance"},"split0_test_score":0.919302826,"split1_test_score":0.924522578,"split2_test_score":0.9406103385,"split3_test_score":0.9163025901,"split4_test_score":0.9477333506,"mean_test_score":0.9296943366,"std_test_score":0.012317748,"rank_test_score":3}
{"mean_fit_time":0.0020132542,"std_fit_time":0.0020242761,"mean_score_time":0.0374443054,"std_score_time":0.0040308962,"param_n_neighbors":7,"param_weights":"distance","params":{"n_neighbors":7,"weights":"distance"},"split0_test_score":0.9190950149,"split1_test_score":0.9247383088,"split2_test_score":0.9396466987,"split3_test_score":0.9153419538,"split4_test_score":0.948298424,"mean_test_score":0.9294240801,"std_test_score":0.012551455,"rank_test_score":4}
{"mean_fit_time":0.0017292976,"std_fit_time":0.0015925122,"mean_score_time":0.0375545979,"std_score_time":0.0044790294,"param_n_neighbors":6,"param_weights":"distance","params":{"n_neighbors":6,"weights":"distance"},"split0_test_score":0.9189080716,"split1_test_score":0.9243169396,"split2_test_score":0.9392828324,"split3_test_score":0.9149516237,"split4_test_score":0.94929861,"mean_test_score":0.9293516154,"std_test_score":0.0129482585,"rank_test_score":5}
