{"mean_fit_time":0.0007993221,"std_fit_time":0.0003996614,"mean_score_time":0.0126318932,"std_score_time":0.0007109571,"param_n_neighbors":4,"param_weights":"distance","params":{"n_neighbors":4,"weights":"distance"},"split0_test_score":0.9148567538,"split1_test_score":0.8269105227,"split2_test_score":0.8913956556,"split3_test_score":0.6322816059,"split4_test_score":0.8859268269,"mean_test_score":0.830274273,"std_test_score":0.103150024,"rank_test_score":1}
{"mean_fit_time":0.0024795055,"std_fit_time":0.0026739318,"mean_score_time":0.0120797634,"std_score_time":0.0029839172,"param_n_neighbors":5,"param_weights":"distance","params":{"n_neighbors":5,"weights":"distance"},"split0_test_score":0.9101638135,"split1_test_score":0.8129360634,"split2_test_score":0.8935677457,"split3_test_score":0.6373808854,"split4_test_score":0.8878566304,"mean_test_score":0.8283810277,"std_test_score":0.1011876286,"rank_test_score":2}
{"mean_fit_time":0.0014292717,"std_fit_time":0.0023906758,"mean_score_time":0.013038969,"std_score_time":0.0029638087,"param_n_neighbors":3,"param_weights":"distance","params":{"n_neighbors":3,"weights":"distance"},"split0_test_score":0.9131003077,"split1_test_score":0.8267019694,"split2_test_score":0.8961625938,"split3_test_score":0.6251849452,"split4_test_score":0.8801435044,"mean_test_score":0.8282586641,"std_test_score":0.1055864039,"rank_test_score":3}
{"mean_fit_time":0.0007994175,"std_fit_time":0.0007485845,"mean_score_time":0.0147967815,"std_score_time":0.00220464,"param_n_neighbors":2,"param_weights":"distance","params":{"n_neighbors":2,"weights":"distance"},"split0_test_score":0.906009997,"split1_test_score":0.7828601905,"split2_test_score":0.8989318637,"split3_test_score":0.6539791748,"split4_test_score":0.8847319935,"mean_test_score":0.8253026439,"std_test_score":0.0965607367,"rank_test_score":4}
{"mean_fit_time":0.0006046772,"std_fit_time":0.000802703,"mean_score_time":0.0134362221,"std_score_time":0.0038810992,"param_n_neighbors":2,"param_weights":"uniform","params":{"n_neighbors":2,"weights":"uniform"},"split0_test_score":0.900093427,"split1_test_score":0.7847425251,"split2_test_score":0.9011326692,"split3_test_score":0.6430757377,"split4_test_score":0.8945948776,"mean_test_score":0.8247278473,"std_test_score":0.100990479,"rank_test_score":5}
