{"mean_fit_time":0.0008018494,"std_fit_time":0.0004009887,"mean_score_time":0.0307062626,"std_score_time":0.0032094661,"param_n_neighbors":8,"param_weights":"distance","params":{"n_neighbors":8,"weights":"distance"},"split0_test_score":0.9325636318,"split1_test_score":0.9517037138,"split2_test_score":0.9433511985,"split3_test_score":0.9450229376,"split4_test_score":0.9408989188,"mean_test_score":0.9427080801,"std_test_score":0.0062109015,"rank_test_score":1}
{"mean_fit_time":0.0027169228,"std_fit_time":0.0014505607,"mean_score_time":0.0271552563,"std_score_time":0.0017164522,"param_n_neighbors":7,"param_weights":"distance","params":{"n_neighbors":7,"weights":"distance"},"split0_test_score":0.9325091138,"split1_test_score":0.951951753,"split2_test_score":0.9428555376,"split3_test_score":0.9447363029,"split4_test_score":0.9407400254,"mean_test_score":0.9425585465,"std_test_score":0.0062826949,"rank_test_score":2}
{"mean_fit_time":0.0005795479,"std_fit_time":0.0004745641,"mean_score_time":0.0293814659,"std_score_time":0.0019730922,"param_n_neighbors":9,"param_weights":"distance","params":{"n_neighbors":9,"weights":"distance"},"split0_test_score":0.9324361748,"split1_test_score":0.9511042404,"split2_test_score":0.9423377464,"split3_test_score":0.9439536881,"split4_test_score":0.9411730525,"mean_test_score":0.9422009804,"std_test_score":0.0059794112,"rank_test_score":3}
{"mean_fit_time":0.0006023407,"std_fit_time":0.0004918293,"mean_score_time":0.0287454128,"std_score_time":0.0027280225,"param_n_neighbors":6,"param_weights":"distance","params":{"n_neighbors":6,"weights":"distance"},"split0_test_score":0.9330811263,"split1_test_score":0.9513674622,"split2_test_score":0.9417354219,"split3_test_score":0.9443806495,"split4_test_score":0.9393828559,"mean_test_score":0.9419895031,"std_test_score":0.0059980337,"rank_test_score":4}
{"mean_fit_time":0.0007994175,"std_fit_time":0.0007485845,"mean_score_time":0.0291315079,"std_score_time":0.0029649955,"param_n_neighbors":10,"param_weights":"distance","params":{"n_neighbors":10,"weights":"distance"},"split0_test_score":0.9313572151,"split1_test_score":0.9504280431,"split2_test_score":0.9415874632,"split3_test_score":0.9437406699,"split4_test_score":0.9423550141,"mean_test_score":0.9418936811,"std_test_score":0.0061248741,"rank_test_score":5}
