{"mean_fit_time":0.0015896797,"std_fit_time":0.0027077623,"mean_score_time":0.0073412895,"std_score_time":0.0032007327,"param_n_neighbors":4,"param_weights":"uniform","params":{"n_neighbors":4,"weights":"uniform"},"split0_test_score":0.8645843028,"split1_test_score":0.867540228,"split2_test_score":0.7671616385,"split3_test_score":0.7172487677,"split4_test_score":0.8483867921,"mean_test_score":0.8129843458,"std_test_score":0.0602615208,"rank_test_score":1}
{"mean_fit_time":0.0005998135,"std_fit_time":0.0004897468,"mean_score_time":0.0081709862,"std_score_time":0.0044157944,"param_n_neighbors":3,"param_weights":"uniform","params":{"n_neighbors":3,"weights":"uniform"},"split0_test_score":0.8797695718,"split1_test_score":0.8451260681,"split2_test_score":0.7770574905,"split3_test_score":0.7023779828,"split4_test_score":0.8537380259,"mean_test_score":0.8116138278,"std_test_score":0.0642951539,"rank_test_score":2}
{"mean_fit_time":0.000399971,"std_fit_time":0.0004898626,"mean_score_time":0.008154726,"std_score_time":0.0043962228,"param_n_neighbors":5,"param_weights":"uniform","params":{"n_neighbors":5,"weights":"uniform"},"split0_test_score":0.8492857413,"split1_test_score":0.8630605992,"split2_test_score":0.7888658375,"split3_test_score":0.7111642444,"split4_test_score":0.8082895773,"mean_test_score":0.8041331999,"std_test_score":0.0536745469,"rank_test_score":3}
{"mean_fit_time":0.0005499363,"std_fit_time":0.00045824,"mean_score_time":0.0079848766,"std_score_time":0.0042853912,"param_n_neighbors":6,"param_weights":"uniform","params":{"n_neighbors":6,"weights":"uniform"},"split0_test_score":0.8490475192,"split1_test_score":0.8748277517,"split2_test_score":0.7694073157,"split3_test_score":0.7082159309,"split4_test_score":0.8014988965,"mean_test_score":0.8005994828,"std_test_score":0.0589330621,"rank_test_score":4}
{"mean_fit_time":0.0006024837,"std_fit_time":0.0004919541,"mean_score_time":0.0115055084,"std_score_time":0.0016451228,"param_n_neighbors":4,"param_weights":"distance","params":{"n_neighbors":4,"weights":"distance"},"split0_test_score":0.8600491429,"split1_test_score":0.8316438391,"split2_test_score":0.7408971352,"split3_test_score":0.6997999538,"split4_test_score":0.8546999645,"mean_test_score":0.7974180071,"std_test_score":0.0649602689,"rank_test_score":5}
