{"mean_fit_time":0.0007978439,"std_fit_time":0.0003989247,"mean_score_time":0.0165377617,"std_score_time":0.0016058069,"param_n_neighbors":10,"param_weights":"distance","params":{"n_neighbors":10,"weights":"distance"},"split0_test_score":0.9079163431,"split1_test_score":0.9137717514,"split2_test_score":0.695337223,"split3_test_score":0.8713723499,"split4_test_score":0.8902770049,"mean_test_score":0.8557349345,"std_test_score":0.0815552338,"rank_test_score":1}
{"mean_fit_time":0.0017911911,"std_fit_time":0.0026151483,"mean_score_time":0.0158751488,"std_score_time":0.0021121007,"param_n_neighbors":9,"param_weights":"distance","params":{"n_neighbors":9,"weights":"distance"},"split0_test_score":0.9066311556,"split1_test_score":0.9161484778,"split2_test_score":0.6925275145,"split3_test_score":0.8707766044,"split4_test_score":0.8919816968,"mean_test_score":0.8556130898,"std_test_score":0.0829661242,"rank_test_score":2}
{"mean_fit_time":0.0011159897,"std_fit_time":0.0005122301,"mean_score_time":0.015724659,"std_score_time":0.0026703437,"param_n_neighbors":8,"param_weights":"distance","params":{"n_neighbors":8,"weights":"distance"},"split0_test_score":0.9063196378,"split1_test_score":0.9165772298,"split2_test_score":0.6929587406,"split3_test_score":0.8672924023,"split4_test_score":0.8931007993,"mean_test_score":0.855249762,"std_test_score":0.0828073576,"rank_test_score":3}
{"mean_fit_time":0.001900959,"std_fit_time":0.0026080616,"mean_score_time":0.0129386425,"std_score_time":0.002072136,"param_n_neighbors":9,"param_weights":"uniform","params":{"n_neighbors":9,"weights":"uniform"},"split0_test_score":0.9055983786,"split1_test_score":0.9297736311,"split2_test_score":0.687307009,"split3_test_score":0.8689545675,"split4_test_score":0.8835368156,"mean_test_score":0.8550340804,"std_test_score":0.0863496439,"rank_test_score":4}
{"mean_fit_time":0.000490427,"std_fit_time":0.0006175462,"mean_score_time":0.0126104832,"std_score_time":0.0039902492,"param_n_neighbors":10,"param_weights":"uniform","params":{"n_neighbors":10,"weights":"uniform"},"split0_test_score":0.9080844948,"split1_test_score":0.9256636163,"split2_test_score":0.6909296715,"split3_test_score":0.8686236534,"split4_test_score":0.880653571,"mean_test_score":0.8547910014,"std_test_score":0.0843491247,"rank_test_score":5}
