{"mean_fit_time":0.0022171021,"std_fit_time":0.002072877,"mean_score_time":0.0707351208,"std_score_time":0.0030179286,"param_n_neighbors":8,"param_weights":"distance","params":{"n_neighbors":8,"weights":"distance"},"split0_test_score":0.9402698455,"split1_test_score":0.9209683494,"split2_test_score":0.8888460919,"split3_test_score":0.9250666211,"split4_test_score":0.9211485622,"mean_test_score":0.919259894,"std_test_score":0.0167727242,"rank_test_score":1}
{"mean_fit_time":0.0024707317,"std_fit_time":0.0025421029,"mean_score_time":0.0712410927,"std_score_time":0.0023037765,"param_n_neighbors":5,"param_weights":"distance","params":{"n_neighbors":5,"weights":"distance"},"split0_test_score":0.9390414909,"split1_test_score":0.9226079499,"split2_test_score":0.8928521926,"split3_test_score":0.9175025777,"split4_test_score":0.9208801003,"mean_test_score":0.9185768623,"std_test_score":0.0148544156,"rank_test_score":2}
{"mean_fit_time":0.0011041641,"std_fit_time":0.0006641714,"mean_score_time":0.0759095669,"std_score_time":0.0056102994,"param_n_neighbors":9,"param_weights":"distance","params":{"n_neighbors":9,"weights":"distance"},"split0_test_score":0.9408729856,"split1_test_score":0.9208938178,"split2_test_score":0.8854873252,"split3_test_score":0.9236273708,"split4_test_score":0.9214274674,"mean_test_score":0.9184617934,"std_test_score":0.018060843,"rank_test_score":3}
{"mean_fit_time":0.0016108036,"std_fit_time":0.0023529047,"mean_score_time":0.0704338551,"std_score_time":0.0065411509,"param_n_neighbors":6,"param_weights":"distance","params":{"n_neighbors":6,"weights":"distance"},"split0_test_score":0.9383970544,"split1_test_score":0.919946043,"split2_test_score":0.8907608474,"split3_test_score":0.9213667562,"split4_test_score":0.9208516532,"mean_test_score":0.9182644708,"std_test_score":0.0153682504,"rank_test_score":4}
{"mean_fit_time":0.0006018639,"std_fit_time":0.000491434,"mean_score_time":0.0713749886,"std_score_time":0.0031175313,"param_n_neighbors":7,"param_weights":"distance","params":{"n_neighbors":7,"weights":"distance"},"split0_test_score":0.9402201201,"split1_test_score":0.9188189326,"split2_test_score":0.8907095575,"split3_test_score":0.9207311703,"split4_test_score":0.9202968961,"mean_test_score":0.9181553353,"std_test_score":0.0158226864,"rank_test_score":5}
