{"mean_fit_time":0.0046024323,"std_fit_time":0.0037306288,"mean_score_time":3.6597092628,"std_score_time":0.1997880872,"param_n_neighbors":8,"param_weights":"uniform","params":{"n_neighbors":8,"weights":"uniform"},"split0_test_score":0.9273157291,"split1_test_score":0.9321754481,"split2_test_score":0.9282476634,"split3_test_score":0.9279184987,"split4_test_score":0.9312715073,"mean_test_score":0.9293857693,"std_test_score":0.0019530259,"rank_test_score":1}
{"mean_fit_time":0.005351162,"std_fit_time":0.0032254747,"mean_score_time":3.6971722126,"std_score_time":0.1369549302,"param_n_neighbors":9,"param_weights":"uniform","params":{"n_neighbors":9,"weights":"uniform"},"split0_test_score":0.9272547082,"split1_test_score":0.9324699788,"split2_test_score":0.9273791815,"split3_test_score":0.9285870725,"split4_test_score":0.931198254,"mean_test_score":0.929377839,"std_test_score":0.0020977544,"rank_test_score":2}
{"mean_fit_time":0.0039949894,"std_fit_time":0.0025508733,"mean_score_time":3.3294588566,"std_score_time":0.1393226459,"param_n_neighbors":7,"param_weights":"uniform","params":{"n_neighbors":7,"weights":"uniform"},"split0_test_score":0.9276083677,"split1_test_score":0.9322987833,"split2_test_score":0.9284852932,"split3_test_score":0.9274718369,"split4_test_score":0.9309074465,"mean_test_score":0.9293543455,"std_test_score":0.0019198628,"rank_test_score":3}
{"mean_fit_time":0.0056539536,"std_fit_time":0.0028105859,"mean_score_time":3.5581317902,"std_score_time":0.0816279712,"param_n_neighbors":10,"param_weights":"uniform","params":{"n_neighbors":10,"weights":"uniform"},"split0_test_score":0.9277368183,"split1_test_score":0.932454694,"split2_test_score":0.9268292997,"split3_test_score":0.9286647094,"split4_test_score":0.93073916,"mean_test_score":0.9292849363,"std_test_score":0.0020481031,"rank_test_score":4}
{"mean_fit_time":0.0066395283,"std_fit_time":0.0016071099,"mean_score_time":3.4289086342,"std_score_time":0.066190095,"param_n_neighbors":6,"param_weights":"uniform","params":{"n_neighbors":6,"weights":"uniform"},"split0_test_score":0.9266248738,"split1_test_score":0.9323206484,"split2_test_score":0.9279735864,"split3_test_score":0.9273002718,"split4_test_score":0.929847995,"mean_test_score":0.9288134751,"std_test_score":0.002056972,"rank_test_score":5}
