{"mean_fit_time":0.0003995895,"std_fit_time":0.0004893961,"mean_score_time":0.0359092712,"std_score_time":0.0035999129,"param_n_neighbors":3,"param_weights":"distance","params":{"n_neighbors":3,"weights":"distance"},"split0_test_score":0.9816834691,"split1_test_score":0.9607814234,"split2_test_score":0.930376077,"split3_test_score":0.9672637509,"split4_test_score":0.9406559738,"mean_test_score":0.9561521388,"std_test_score":0.0184460485,"rank_test_score":1}
{"mean_fit_time":0.0007875919,"std_fit_time":0.0003943808,"mean_score_time":0.0374956608,"std_score_time":0.0036545623,"param_n_neighbors":4,"param_weights":"distance","params":{"n_neighbors":4,"weights":"distance"},"split0_test_score":0.9831326092,"split1_test_score":0.9513817308,"split2_test_score":0.9336844423,"split3_test_score":0.9725666138,"split4_test_score":0.9394063763,"mean_test_score":0.9560343545,"std_test_score":0.019001506,"rank_test_score":2}
{"mean_fit_time":0.0011841297,"std_fit_time":0.0009549596,"mean_score_time":0.0367242813,"std_score_time":0.0039880004,"param_n_neighbors":5,"param_weights":"distance","params":{"n_neighbors":5,"weights":"distance"},"split0_test_score":0.9809977643,"split1_test_score":0.9399402276,"split2_test_score":0.9329275883,"split3_test_score":0.957741746,"split4_test_score":0.9390171885,"mean_test_score":0.9501249029,"std_test_score":0.0175157439,"rank_test_score":3}
{"mean_fit_time":0.0020332336,"std_fit_time":0.0026720897,"mean_score_time":0.0413146496,"std_score_time":0.0015189142,"param_n_neighbors":6,"param_weights":"distance","params":{"n_neighbors":6,"weights":"distance"},"split0_test_score":0.976566582,"split1_test_score":0.9281373947,"split2_test_score":0.931901011,"split3_test_score":0.9354239088,"split4_test_score":0.9372378334,"mean_test_score":0.941853346,"std_test_score":0.0176342035,"rank_test_score":4}
{"mean_fit_time":0.0020175457,"std_fit_time":0.0020915128,"mean_score_time":0.0318559647,"std_score_time":0.0020320208,"param_n_neighbors":2,"param_weights":"distance","params":{"n_neighbors":2,"weights":"distance"},"split0_test_score":0.9764056961,"split1_test_score":0.9667527675,"split2_test_score":0.9243662599,"split3_test_score":0.9036022943,"split4_test_score":0.9318909714,"mean_test_score":0.9406035978,"std_test_score":0.0271080312,"rank_test_score":5}
