{"mean_fit_time":0.0041557789,"std_fit_time":0.0017932651,"mean_score_time":2.8311571598,"std_score_time":0.0267993256,"param_n_neighbors":8,"param_weights":"uniform","params":{"n_neighbors":8,"weights":"uniform"},"split0_test_score":0.9190544903,"split1_test_score":0.9162868648,"split2_test_score":0.9251806537,"split3_test_score":0.9121508095,"split4_test_score":0.9114723707,"mean_test_score":0.9168290378,"std_test_score":0.0050115024,"rank_test_score":1}
{"mean_fit_time":0.0037168503,"std_fit_time":0.0023567555,"mean_score_time":2.8674472809,"std_score_time":0.0304350342,"param_n_neighbors":9,"param_weights":"uniform","params":{"n_neighbors":9,"weights":"uniform"},"split0_test_score":0.9195324597,"split1_test_score":0.9155150424,"split2_test_score":0.9234961086,"split3_test_score":0.9115710477,"split4_test_score":0.9131275089,"mean_test_score":0.9166484335,"std_test_score":0.0043513123,"rank_test_score":2}
{"mean_fit_time":0.007235384,"std_fit_time":0.0026109719,"mean_score_time":2.8088525295,"std_score_time":0.0339920638,"param_n_neighbors":7,"param_weights":"uniform","params":{"n_neighbors":7,"weights":"uniform"},"split0_test_score":0.9193973727,"split1_test_score":0.913628652,"split2_test_score":0.9250979292,"split3_test_score":0.9103785549,"split4_test_score":0.9127146773,"mean_test_score":0.9162434372,"std_test_score":0.0053298298,"rank_test_score":3}
{"mean_fit_time":0.0047723293,"std_fit_time":0.0011419293,"mean_score_time":2.8505839825,"std_score_time":0.0815847774,"param_n_neighbors":6,"param_weights":"uniform","params":{"n_neighbors":6,"weights":"uniform"},"split0_test_score":0.9188607591,"split1_test_score":0.9136616066,"split2_test_score":0.9230172849,"split3_test_score":0.909844902,"split4_test_score":0.9136278886,"mean_test_score":0.9158024882,"std_test_score":0.0046089349,"rank_test_score":4}
{"mean_fit_time":0.0044284344,"std_fit_time":0.000526803,"mean_score_time":2.9502786636,"std_score_time":0.1549464335,"param_n_neighbors":10,"param_weights":"uniform","params":{"n_neighbors":10,"weights":"uniform"},"split0_test_score":0.9192890636,"split1_test_score":0.9158002227,"split2_test_score":0.9221911518,"split3_test_score":0.9096918284,"split4_test_score":0.9110486358,"mean_test_score":0.9156041804,"std_test_score":0.0047479234,"rank_test_score":5}
