{"mean_fit_time":0.0016300201,"std_fit_time":0.0022994555,"mean_score_time":0.0599176407,"std_score_time":0.0056999721,"param_n_neighbors":10,"param_weights":"uniform","params":{"n_neighbors":10,"weights":"uniform"},"split0_test_score":0.9133599978,"split1_test_score":0.3739573498,"split2_test_score":0.8613927022,"split3_test_score":0.896865075,"split4_test_score":0.8883559343,"mean_test_score":0.7867862118,"std_test_score":0.2070982789,"rank_test_score":1}
{"mean_fit_time":0.0017886162,"std_fit_time":0.0026199304,"mean_score_time":0.0598577023,"std_score_time":0.0024471138,"param_n_neighbors":9,"param_weights":"uniform","params":{"n_neighbors":9,"weights":"uniform"},"split0_test_score":0.9077564225,"split1_test_score":0.3747860378,"split2_test_score":0.8500123207,"split3_test_score":0.8898030503,"split4_test_score":0.8852307124,"mean_test_score":0.7815177087,"std_test_score":0.2042256003,"rank_test_score":2}
{"mean_fit_time":0.0029762745,"std_fit_time":0.0026203026,"mean_score_time":0.0587122917,"std_score_time":0.0034201217,"param_n_neighbors":10,"param_weights":"distance","params":{"n_neighbors":10,"weights":"distance"},"split0_test_score":0.9223418232,"split1_test_score":0.3771723357,"split2_test_score":0.8753974384,"split3_test_score":0.8512127285,"split4_test_score":0.872349712,"mean_test_score":0.7796948076,"std_test_score":0.202598741,"rank_test_score":3}
{"mean_fit_time":0.0018226624,"std_fit_time":0.0021841339,"mean_score_time":0.0598471642,"std_score_time":0.0005383413,"param_n_neighbors":9,"param_weights":"distance","params":{"n_neighbors":9,"weights":"distance"},"split0_test_score":0.9203651952,"split1_test_score":0.3775124158,"split2_test_score":0.8692958027,"split3_test_score":0.8428249848,"split4_test_score":0.8682155112,"mean_test_score":0.775642782,"std_test_score":0.2006521429,"rank_test_score":4}
{"mean_fit_time":0.0012024403,"std_fit_time":0.0003985024,"mean_score_time":0.0587168694,"std_score_time":0.0011860761,"param_n_neighbors":8,"param_weights":"uniform","params":{"n_neighbors":8,"weights":"uniform"},"split0_test_score":0.8991899874,"split1_test_score":0.3763609942,"split2_test_score":0.8345602364,"split3_test_score":0.8803713776,"split4_test_score":0.8816004487,"mean_test_score":0.7744166089,"std_test_score":0.2001742805,"rank_test_score":5}
