{"mean_fit_time":0.0013782978,"std_fit_time":0.0007853941,"mean_score_time":0.1623075962,"std_score_time":0.0056036256,"param_n_neighbors":9,"param_weights":"distance","params":{"n_neighbors":9,"weights":"distance"},"split0_test_score":0.9338265327,"split1_test_score":0.9366607099,"split2_test_score":0.9384373979,"split3_test_score":0.912992257,"split4_test_score":0.9230911563,"mean_test_score":0.9290016108,"std_test_score":0.009614662,"rank_test_score":1}
{"mean_fit_time":0.00200243,"std_fit_time":0.0006319162,"mean_score_time":0.1621854305,"std_score_time":0.0029087489,"param_n_neighbors":10,"param_weights":"distance","params":{"n_neighbors":10,"weights":"distance"},"split0_test_score":0.9343322182,"split1_test_score":0.9371611703,"split2_test_score":0.9387832311,"split3_test_score":0.9133907767,"split4_test_score":0.9212192856,"mean_test_score":0.9289773364,"std_test_score":0.0099492076,"rank_test_score":2}
{"mean_fit_time":0.0028850079,"std_fit_time":0.0022798996,"mean_score_time":0.1613702774,"std_score_time":0.0038140865,"param_n_neighbors":8,"param_weights":"distance","params":{"n_neighbors":8,"weights":"distance"},"split0_test_score":0.9326375037,"split1_test_score":0.9353768529,"split2_test_score":0.9387747538,"split3_test_score":0.9126583122,"split4_test_score":0.9234262245,"mean_test_score":0.9285747294,"std_test_score":0.0094515074,"rank_test_score":3}
{"mean_fit_time":0.0026645184,"std_fit_time":0.0021978342,"mean_score_time":0.1598268509,"std_score_time":0.0044499039,"param_n_neighbors":7,"param_weights":"distance","params":{"n_neighbors":7,"weights":"distance"},"split0_test_score":0.9315413672,"split1_test_score":0.9345121459,"split2_test_score":0.9377569564,"split3_test_score":0.912340141,"split4_test_score":0.9245859443,"mean_test_score":0.928147311,"std_test_score":0.0090213744,"rank_test_score":4}
{"mean_fit_time":0.0023946762,"std_fit_time":0.0024596987,"mean_score_time":0.1591197491,"std_score_time":0.0007913804,"param_n_neighbors":6,"param_weights":"uniform","params":{"n_neighbors":6,"weights":"uniform"},"split0_test_score":0.9298730636,"split1_test_score":0.9392334817,"split2_test_score":0.9346019839,"split3_test_score":0.9102479438,"split4_test_score":0.9252481853,"mean_test_score":0.9278409316,"std_test_score":0.0099585856,"rank_test_score":5}
