{"mean_fit_time":0.0028258324,"std_fit_time":0.0029705883,"mean_score_time":0.771460104,"std_score_time":0.03384301,"param_n_neighbors":10,"param_weights":"distance","params":{"n_neighbors":10,"weights":"distance"},"split0_test_score":0.9267789025,"split1_test_score":0.9315759737,"split2_test_score":0.9355157035,"split3_test_score":0.9323227019,"split4_test_score":0.9376696529,"mean_test_score":0.9327725869,"std_test_score":0.0037165704,"rank_test_score":1}
{"mean_fit_time":0.0015706539,"std_fit_time":0.00078612,"mean_score_time":0.7535697937,"std_score_time":0.0061313728,"param_n_neighbors":9,"param_weights":"distance","params":{"n_neighbors":9,"weights":"distance"},"split0_test_score":0.9265498889,"split1_test_score":0.931211728,"split2_test_score":0.936013771,"split3_test_score":0.9322992526,"split4_test_score":0.9373523135,"mean_test_score":0.9326853908,"std_test_score":0.0038163713,"rank_test_score":2}
{"mean_fit_time":0.0039847374,"std_fit_time":0.0026667837,"mean_score_time":0.7456071377,"std_score_time":0.0084409787,"param_n_neighbors":8,"param_weights":"distance","params":{"n_neighbors":8,"weights":"distance"},"split0_test_score":0.92639053,"split1_test_score":0.9306577021,"split2_test_score":0.9358279109,"split3_test_score":0.9321945452,"split4_test_score":0.9366013269,"mean_test_score":0.932334403,"std_test_score":0.0037032891,"rank_test_score":3}
{"mean_fit_time":0.0044110775,"std_fit_time":0.0037182141,"mean_score_time":0.7441864967,"std_score_time":0.0107395606,"param_n_neighbors":7,"param_weights":"distance","params":{"n_neighbors":7,"weights":"distance"},"split0_test_score":0.9260159565,"split1_test_score":0.9292478569,"split2_test_score":0.9356725419,"split3_test_score":0.9320747013,"split4_test_score":0.9366232947,"mean_test_score":0.9319268703,"std_test_score":0.0039553591,"rank_test_score":4}
{"mean_fit_time":0.0026029587,"std_fit_time":0.0013588458,"mean_score_time":0.7553034782,"std_score_time":0.0087244312,"param_n_neighbors":6,"param_weights":"distance","params":{"n_neighbors":6,"weights":"distance"},"split0_test_score":0.9248846064,"split1_test_score":0.9288869421,"split2_test_score":0.9349240666,"split3_test_score":0.9310765174,"split4_test_score":0.9357775332,"mean_test_score":0.9311099331,"std_test_score":0.00400079,"rank_test_score":5}
