{"mean_fit_time":0.0010020733,"std_fit_time":0.0006369471,"mean_score_time":0.0655766964,"std_score_time":0.0018611433,"param_n_neighbors":10,"param_weights":"distance","params":{"n_neighbors":10,"weights":"distance"},"split0_test_score":0.9214119526,"split1_test_score":0.9300190471,"split2_test_score":0.9286784678,"split3_test_score":0.915876127,"split4_test_score":0.9266342709,"mean_test_score":0.9245239731,"std_test_score":0.0052226226,"rank_test_score":1}
{"mean_fit_time":0.0012012482,"std_fit_time":0.000399694,"mean_score_time":0.0646955967,"std_score_time":0.0051147837,"param_n_neighbors":8,"param_weights":"uniform","params":{"n_neighbors":8,"weights":"uniform"},"split0_test_score":0.9227862352,"split1_test_score":0.9264896682,"split2_test_score":0.9301608109,"split3_test_score":0.9141272738,"split4_test_score":0.9272226989,"mean_test_score":0.9241573374,"std_test_score":0.0055382307,"rank_test_score":2}
{"mean_fit_time":0.000900507,"std_fit_time":0.0004910059,"mean_score_time":0.065568924,"std_score_time":0.0020831411,"param_n_neighbors":9,"param_weights":"distance","params":{"n_neighbors":9,"weights":"distance"},"split0_test_score":0.9212869249,"split1_test_score":0.9297585189,"split2_test_score":0.9284355477,"split3_test_score":0.9154113314,"split4_test_score":0.9256657019,"mean_test_score":0.924111605,"std_test_score":0.0052282485,"rank_test_score":3}
{"mean_fit_time":0.0015909195,"std_fit_time":0.0027100068,"mean_score_time":0.0634738922,"std_score_time":0.0016920135,"param_n_neighbors":9,"param_weights":"uniform","params":{"n_neighbors":9,"weights":"uniform"},"split0_test_score":0.9214759491,"split1_test_score":0.9278006871,"split2_test_score":0.9291060576,"split3_test_score":0.9129185021,"split4_test_score":0.9275660035,"mean_test_score":0.9237734399,"std_test_score":0.0060356807,"rank_test_score":4}
{"mean_fit_time":0.0014413834,"std_fit_time":0.0019344888,"mean_score_time":0.06461339,"std_score_time":0.0024145533,"param_n_neighbors":7,"param_weights":"uniform","params":{"n_neighbors":7,"weights":"uniform"},"split0_test_score":0.9225653764,"split1_test_score":0.9268364168,"split2_test_score":0.9286681099,"split3_test_score":0.9144237528,"split4_test_score":0.926320723,"mean_test_score":0.9237628758,"std_test_score":0.0050735349,"rank_test_score":5}
