{"meta": {"version": "7.2.5", "timestamp": "2024-01-20T22:15:49.740507", "branch_coverage": false, "show_contexts": false}, "files": {"src\\modules\\__init__.py": {"executed_lines": [1, 2, 4], "summary": {"covered_lines": 3, "num_statements": 3, "percent_covered": 100.0, "percent_covered_display": "100", "missing_lines": 0, "excluded_lines": 0}, "missing_lines": [], "excluded_lines": []}, "src\\modules\\app\\__init__.py": {"executed_lines": [1, 2, 4], "summary": {"covered_lines": 3, "num_statements": 3, "percent_covered": 100.0, "percent_covered_display": "100", "missing_lines": 0, "excluded_lines": 0}, "missing_lines": [], "excluded_lines": []}, "src\\modules\\app\\accueil.py": {"executed_lines": [1, 4, 18, 22, 23, 27, 28, 32, 36, 41, 42, 43, 45, 51, 53, 59], "summary": {"covered_lines": 16, "num_statements": 16, "percent_covered": 100.0, "percent_covered_display": "100", "missing_lines": 0, "excluded_lines": 0}, "missing_lines": [], "excluded_lines": []}, "src\\modules\\app\\import_mm.py": {"executed_lines": [1, 9, 10, 11, 14, 15, 16, 17, 20, 37, 38, 41, 42, 43, 46], "summary": {"covered_lines": 14, "num_statements": 14, "percent_covered": 100.0, "percent_covered_display": "100", "missing_lines": 0, "excluded_lines": 0}, "missing_lines": [], "excluded_lines": []}, "src\\modules\\app\\menu.py": {"executed_lines": [1, 2, 3, 15, 26, 37, 47, 48, 49, 50, 59, 60, 70, 73, 82, 83, 84, 87, 91, 102, 104, 105, 111, 112, 113, 120, 124, 139, 140, 141, 148, 154, 155, 156, 157, 163, 167, 177, 178, 179, 185, 186, 187, 188, 189, 196, 197, 199, 203, 213, 223, 224, 230, 231, 232, 233, 234, 241, 242, 244, 248, 256, 257, 258, 261, 262, 265, 267, 276, 279, 291, 292, 293, 294, 302, 303, 304, 305, 307, 313, 316, 323, 326, 329, 340, 341, 348, 355, 356, 361, 372, 373, 380, 387, 388, 393, 404, 405, 412, 417, 418, 420, 423, 434, 435, 442, 449, 450, 455, 465, 484], "summary": {"covered_lines": 111, "num_statements": 138, "percent_covered": 80.43478260869566, "percent_covered_display": "80", "missing_lines": 27, "excluded_lines": 0}, "missing_lines": [71, 72, 88, 121, 143, 164, 200, 245, 266, 306, 349, 354, 358, 381, 386, 390, 413, 416, 443, 448, 452, 466, 467, 474, 475, 480, 482], "excluded_lines": []}, "src\\modules\\app\\predict.py": {"executed_lines": [1, 2, 3, 4, 5, 6, 7, 8, 9, 12, 30, 31, 32, 35, 38, 56, 57, 58, 59, 60, 61, 62, 64, 65, 66, 67, 75, 91, 92, 94, 95, 102, 104, 108, 116, 117, 118], "summary": {"covered_lines": 37, "num_statements": 43, "percent_covered": 86.04651162790698, "percent_covered_display": "86", "missing_lines": 6, "excluded_lines": 0}, "missing_lines": [33, 34, 69, 70, 71, 72], "excluded_lines": []}, "src\\modules\\app\\stats_plots.py": {"executed_lines": [1, 2, 3, 6, 33, 54, 58, 67, 75, 76, 77, 78, 81, 85, 94, 95], "summary": {"covered_lines": 16, "num_statements": 33, "percent_covered": 48.484848484848484, "percent_covered_display": "48", "missing_lines": 17, "excluded_lines": 0}, "missing_lines": [10, 19, 27, 28, 29, 30, 37, 45, 48, 49, 50, 51, 97, 98, 100, 101, 102], "excluded_lines": []}, "src\\modules\\app\\tabs.py": {"executed_lines": [1, 2, 3, 4, 5, 8, 39, 40, 75, 112, 113, 127, 128, 143, 144, 147, 156, 157, 158, 168, 177, 178, 179, 185, 192, 227, 243, 246, 256, 259, 293, 297, 298, 312, 313], "summary": {"covered_lines": 35, "num_statements": 40, "percent_covered": 87.5, "percent_covered_display": "88", "missing_lines": 5, "excluded_lines": 0}, "missing_lines": [71, 72, 163, 314, 315], "excluded_lines": []}, "src\\modules\\app\\title.py": {"executed_lines": [1, 4, 9, 30, 34, 35, 37, 38], "summary": {"covered_lines": 8, "num_statements": 8, "percent_covered": 100.0, "percent_covered_display": "100", "missing_lines": 0, "excluded_lines": 0}, "missing_lines": [], "excluded_lines": []}, "src\\modules\\datacleaning.py": {"executed_lines": [1, 2, 5, 27, 29, 30, 34, 35, 37, 38, 39, 49, 81, 92, 117, 127, 152, 166, 196, 197, 198, 199, 200, 201, 202, 218, 246, 306, 331, 336, 364, 367, 394, 402, 427, 430, 453, 456, 475], "summary": {"covered_lines": 39, "num_statements": 45, "percent_covered": 86.66666666666667, "percent_covered_display": "87", "missing_lines": 6, "excluded_lines": 0}, "missing_lines": [41, 42, 43, 44, 45, 46], "excluded_lines": []}, "src\\modules\\machinelearning.py": {"executed_lines": [1, 9, 10, 11, 12, 13, 14, 15, 16, 17, 18, 19, 20, 21, 22, 23, 24, 27, 51, 52, 53, 60, 63, 66, 107, 158, 217, 248, 277, 321, 351], "summary": {"covered_lines": 30, "num_statements": 76, "percent_covered": 39.473684210526315, "percent_covered_display": "39", "missing_lines": 46, "excluded_lines": 0}, "missing_lines": [82, 83, 95, 96, 99, 136, 142, 155, 190, 192, 194, 195, 197, 203, 209, 210, 211, 212, 214, 242, 243, 244, 245, 273, 274, 299, 301, 303, 305, 309, 311, 312, 314, 316, 318, 339, 340, 341, 347, 348, 363, 364, 365, 380, 395, 396], "excluded_lines": []}, "src\\modules\\requetes\\__init__.py": {"executed_lines": [1, 2, 4], "summary": {"covered_lines": 3, "num_statements": 3, "percent_covered": 100.0, "percent_covered_display": "100", "missing_lines": 0, "excluded_lines": 0}, "missing_lines": [], "excluded_lines": []}, "src\\modules\\requetes\\requetes_dataframe.py": {"executed_lines": [1, 9, 10, 13, 54, 55], "summary": {"covered_lines": 5, "num_statements": 12, "percent_covered": 41.666666666666664, "percent_covered_display": "42", "missing_lines": 7, "excluded_lines": 0}, "missing_lines": [80, 81, 107, 108, 134, 135, 163], "excluded_lines": []}, "src\\modules\\requetes\\requetes_kpi.py": {"executed_lines": [1, 6, 9, 39, 40, 41, 113, 149, 150, 151, 152, 168, 186, 204, 223, 225, 228, 229, 230, 248, 249, 250, 257, 287, 288], "summary": {"covered_lines": 24, "num_statements": 48, "percent_covered": 50.0, "percent_covered_display": "50", "missing_lines": 24, "excluded_lines": 0}, "missing_lines": [56, 57, 73, 74, 90, 91, 108, 109, 110, 169, 187, 205, 224, 226, 227, 251, 252, 254, 289, 290, 319, 320, 349, 350], "excluded_lines": []}, "src\\modules\\requetes\\requetes_val_unique.py": {"executed_lines": [1, 6, 7, 10, 32, 33, 47, 48, 49, 71, 81, 82, 90, 91, 101, 104, 118, 127, 130, 145, 155, 158, 169, 179, 182, 195, 205, 208, 219, 229, 232], "summary": {"covered_lines": 30, "num_statements": 35, "percent_covered": 85.71428571428571, "percent_covered_display": "86", "missing_lines": 5, "excluded_lines": 0}, "missing_lines": [65, 66, 68, 239, 247], "excluded_lines": []}, "src\\modules\\scraping\\__init__.py": {"executed_lines": [1, 2, 4], "summary": {"covered_lines": 3, "num_statements": 3, "percent_covered": 100.0, "percent_covered_display": "100", "missing_lines": 0, "excluded_lines": 0}, "missing_lines": [], "excluded_lines": []}, "src\\modules\\scraping\\marques_modeles.py": {"executed_lines": [1, 2, 3, 4, 7, 8, 9, 10, 12, 13, 16, 17, 18, 24, 25, 26, 27, 34, 35, 36], "summary": {"covered_lines": 20, "num_statements": 20, "percent_covered": 100.0, "percent_covered_display": "100", "missing_lines": 0, "excluded_lines": 0}, "missing_lines": [], "excluded_lines": []}, "src\\modules\\scraping\\webscraping.py": {"executed_lines": [1, 2, 3, 4, 5, 6, 7, 8, 11, 22, 26, 29, 40, 44, 46, 57, 61, 62, 72, 75, 86, 90, 93, 104, 107, 110, 121, 124, 125, 128, 131, 142, 148, 149, 150, 154, 155, 156, 157, 158, 159, 160, 161, 162, 163, 164, 165, 167, 180, 181, 182, 183, 184, 185, 186, 187, 201, 202, 203, 204, 206, 211, 242, 275, 289, 300, 301, 302, 303, 306, 324, 378, 398, 408, 409, 411, 412, 413, 414, 415, 416, 417, 418, 419, 422, 423, 425], "summary": {"covered_lines": 87, "num_statements": 153, "percent_covered": 56.86274509803921, "percent_covered_display": "57", "missing_lines": 66, "excluded_lines": 0}, "missing_lines": [65, 66, 127, 152, 207, 208, 230, 231, 234, 235, 236, 239, 258, 259, 260, 262, 263, 264, 265, 266, 267, 268, 269, 270, 271, 272, 273, 285, 286, 317, 318, 319, 320, 321, 341, 342, 343, 344, 345, 346, 347, 348, 349, 350, 351, 352, 353, 354, 356, 357, 358, 359, 360, 361, 362, 363, 369, 374, 375, 389, 390, 391, 392, 393, 394, 395],