{"mean_fit_time":0.0010101318,"std_fit_time":0.0009674485,"mean_score_time":0.0942630768,"std_score_time":0.0088500016,"param_n_neighbors":7,"param_weights":"distance","params":{"n_neighbors":7,"weights":"distance"},"split0_test_score":0.8995289663,"split1_test_score":0.8930713146,"split2_test_score":0.8793051052,"split3_test_score":0.8746919204,"split4_test_score":0.8769086337,"mean_test_score":0.884701188,"std_test_score":0.0097974392,"rank_test_score":1}
{"mean_fit_time":0.0012994289,"std_fit_time":0.0011087718,"mean_score_time":0.0900758266,"std_score_time":0.0040358894,"param_n_neighbors":7,"param_weights":"uniform","params":{"n_neighbors":7,"weights":"uniform"},"split0_test_score":0.8966257925,"split1_test_score":0.8850335816,"split2_test_score":0.8789609002,"split3_test_score":0.8731306562,"split4_test_score":0.877014639,"mean_test_score":0.8821531139,"std_test_score":0.0081945643,"rank_test_score":2}
{"mean_fit_time":0.0007804871,"std_fit_time":0.0009740129,"mean_score_time":0.0824398518,"std_score_time":0.0067002485,"param_n_neighbors":5,"param_weights":"distance","params":{"n_neighbors":5,"weights":"distance"},"split0_test_score":0.8942890481,"split1_test_score":0.8907444337,"split2_test_score":0.8746339995,"split3_test_score":0.8685050871,"split4_test_score":0.8743754814,"mean_test_score":0.88050961,"std_test_score":0.0101082485,"rank_test_score":3}
{"mean_fit_time":0.0,"std_fit_time":0.0,"mean_score_time":0.0736905575,"std_score_time":0.0055364405,"param_n_neighbors":5,"param_weights":"uniform","params":{"n_neighbors":5,"weights":"uniform"},"split0_test_score":0.8932558225,"split1_test_score":0.8865118146,"split2_test_score":0.8772744575,"split3_test_score":0.8683689286,"split4_test_score":0.876703848,"mean_test_score":0.8804229742,"std_test_score":0.0086116322,"rank_test_score":4}
{"mean_fit_time":0.0005296707,"std_fit_time":0.0006803086,"mean_score_time":0.0660246849,"std_score_time":0.0061677707,"param_n_neighbors":3,"param_weights":"uniform","params":{"n_neighbors":3,"weights":"uniform"},"split0_test_score":0.8890892606,"split1_test_score":0.8883157295,"split2_test_score":0.8694611081,"split3_test_score":0.8651881756,"split4_test_score":0.8731991821,"mean_test_score":0.8770506912,"std_test_score":0.0098486894,"rank_test_score":5}
