{"mean_fit_time":0.0384120464,"std_fit_time":0.0044355902,"mean_score_time":0.0016716003,"std_score_time":0.0028412161,"params":{},"split0_test_score":0.901773934,"split1_test_score":0.9017977991,"split2_test_score":0.8958939808,"split3_test_score":0.8874422033,"split4_test_score":0.8879223464,"mean_test_score":0.8949660527,"std_test_score":0.0063261863,"rank_test_score":1}
