{"mean_fit_time":0.031139183,"std_fit_time":0.0018585684,"mean_score_time":0.0005020618,"std_score_time":0.0004480955,"params":{},"split0_test_score":0.9726948647,"split1_test_score":0.9752505135,"split2_test_score":0.9388543794,"split3_test_score":0.9077029252,"split4_test_score":0.9191440332,"mean_test_score":0.9427293432,"std_test_score":0.0273996027,"rank_test_score":1}
