{"mean_fit_time":0.0011065483,"std_fit_time":0.0001999715,"mean_score_time":0.0373426437,"std_score_time":0.001710126,"param_n_neighbors":3,"param_weights":"distance","params":{"n_neighbors":3,"weights":"distance"},"split0_test_score":0.9854177853,"split1_test_score":0.9638328178,"split2_test_score":0.9513825728,"split3_test_score":0.9642490753,"split4_test_score":0.9278171723,"mean_test_score":0.9585398847,"std_test_score":0.0188581214,"rank_test_score":1}
{"mean_fit_time":0.0011042595,"std_fit_time":0.000209141,"mean_score_time":0.0367451191,"std_score_time":0.0031662534,"param_n_neighbors":5,"param_weights":"distance","params":{"n_neighbors":5,"weights":"distance"},"split0_test_score":0.9833871207,"split1_test_score":0.9437976888,"split2_test_score":0.9549228542,"split3_test_score":0.9522526045,"split4_test_score":0.9165569837,"mean_test_score":0.9501834504,"std_test_score":0.0214510805,"rank_test_score":2}
{"mean_fit_time":0.0014007568,"std_fit_time":0.0004909143,"mean_score_time":0.0388116837,"std_score_time":0.0035944471,"param_n_neighbors":7,"param_weights":"distance","params":{"n_neighbors":7,"weights":"distance"},"split0_test_score":0.9725754449,"split1_test_score":0.920415988,"split2_test_score":0.9560269069,"split3_test_score":0.9065462398,"split4_test_score":0.9148238431,"mean_test_score":0.9340776846,"std_test_score":0.0256092902,"rank_test_score":3}
{"mean_fit_time":0.0010206699,"std_fit_time":0.0000394621,"mean_score_time":0.0562553406,"std_score_time":0.046721956,"param_n_neighbors":1,"param_weights":"uniform","params":{"n_neighbors":1,"weights":"uniform"},"split0_test_score":0.9676371586,"split1_test_score":0.9745063777,"split2_test_score":0.9410802121,"split3_test_score":0.8635650674,"split4_test_score":0.9155339528,"mean_test_score":0.9324645537,"std_test_score":0.0402806185,"rank_test_score":4}
{"mean_fit_time":0.0009990215,"std_fit_time":0.0000013266,"mean_score_time":0.0345048904,"std_score_time":0.0016503383,"param_n_neighbors":1,"param_weights":"distance","params":{"n_neighbors":1,"weights":"distance"},"split0_test_score":0.9676371586,"split1_test_score":0.9745063777,"split2_test_score":0.9410802121,"split3_test_score":0.8635650674,"split4_test_score":0.9155339528,"mean_test_score":0.9324645537,"std_test_score":0.0402806185,"rank_test_score":4}
