{"mean_fit_time":0.4271923065,"std_fit_time":0.0052420827,"mean_score_time":0.0247213364,"std_score_time":0.0014539616,"param_n_estimators":100,"params":{"n_estimators":100},"split0_test_score":0.9693729368,"split1_test_score":0.8986013222,"split2_test_score":0.9635736152,"split3_test_score":0.9702761787,"split4_test_score":0.9369078472,"mean_test_score":0.94774638,"std_test_score":0.0274171905,"rank_test_score":1}
{"mean_fit_time":0.8224211693,"std_fit_time":0.0098858817,"mean_score_time":0.0383384705,"std_score_time":0.0004421229,"param_n_estimators":200,"params":{"n_estimators":200},"split0_test_score":0.9742700185,"split1_test_score":0.8983168575,"split2_test_score":0.9625237052,"split3_test_score":0.961949849,"split4_test_score":0.936107727,"mean_test_score":0.9466336314,"std_test_score":0.0271888071,"rank_test_score":2}
{"mean_fit_time":0.8642213821,"std_fit_time":1.272809003,"mean_score_time":0.0179960728,"std_score_time":0.0014649138,"param_n_estimators":50,"params":{"n_estimators":50},"split0_test_score":0.9755808733,"split1_test_score":0.8480244688,"split2_test_score":0.9635709798,"split3_test_score":0.9531761847,"split4_test_score":0.9354527208,"mean_test_score":0.9351610455,"std_test_score":0.0455154922,"rank_test_score":3}
