{"mean_fit_time":1.9087470531,"std_fit_time":0.1734402109,"mean_score_time":0.1346983433,"std_score_time":0.0074339846,"param_n_estimators":800,"params":{"n_estimators":800},"split0_test_score":0.8765253253,"split1_test_score":0.9536895746,"split2_test_score":0.8950917428,"split3_test_score":0.9432139989,"split4_test_score":0.9009830039,"mean_test_score":0.9139007291,"std_test_score":0.0295296001,"rank_test_score":1}
{"mean_fit_time":1.5977440834,"std_fit_time":0.170804897,"mean_score_time":0.1123344898,"std_score_time":0.0045429954,"param_n_estimators":675,"params":{"n_estimators":675},"split0_test_score":0.8737105579,"split1_test_score":0.9532910262,"split2_test_score":0.89753611,"split3_test_score":0.9430073836,"split4_test_score":0.9017198197,"mean_test_score":0.9138529795,"std_test_score":0.0297664462,"rank_test_score":2}
{"mean_fit_time":0.4288439751,"std_fit_time":0.0059691258,"mean_score_time":0.0390619755,"std_score_time":0.0006373013,"param_n_estimators":200,"params":{"n_estimators":200},"split0_test_score":0.8732062006,"split1_test_score":0.9542295581,"split2_test_score":0.8942136513,"split3_test_score":0.9433714604,"split4_test_score":0.9015556922,"mean_test_score":0.9133153125,"std_test_score":0.0306243384,"rank_test_score":3}
{"mean_fit_time":1.1623341084,"std_fit_time":0.148203473,"mean_score_time":0.0833263397,"std_score_time":0.0031266169,"param_n_estimators":500,"params":{"n_estimators":500},"split0_test_score":0.8735696653,"split1_test_score":0.9536332478,"split2_test_score":0.8937847217,"split3_test_score":0.94257874,"split4_test_score":0.9016040573,"mean_test_score":0.9130340864,"std_test_score":0.0302648397,"rank_test_score":4}
{"mean_fit_time":0.3814238071,"std_fit_time":0.0732350553,"mean_score_time":0.0322826862,"std_score_time":0.0012938827,"param_n_estimators":150,"params":{"n_estimators":150},"split0_test_score":0.8713446719,"split1_test_score":0.952964555,"split2_test_score":0.8950936908,"split3_test_score":0.9437819676,"split4_test_score":0.9015292324,"mean_test_score":0.9129428235,"std_test_score":0.0307638087,"rank_test_score":5}
