{"mean_fit_time":0.6613872528,"std_fit_time":0.0134555723,"mean_score_time":0.1181597233,"std_score_time":0.001575768,"param_n_estimators":800,"params":{"n_estimators":800},"split0_test_score":0.5267714714,"split1_test_score":0.4871407367,"split2_test_score":0.6793385625,"split3_test_score":0.5664104749,"split4_test_score":0.8213500255,"mean_test_score":0.6162022542,"std_test_score":0.1210006306,"rank_test_score":1}
{"mean_fit_time":0.4388695717,"std_fit_time":0.0253480306,"mean_score_time":0.0822841167,"std_score_time":0.0038264344,"param_n_estimators":500,"params":{"n_estimators":500},"split0_test_score":0.524104299,"split1_test_score":0.4927602289,"split2_test_score":0.6716672114,"split3_test_score":0.5644650031,"split4_test_score":0.814942939,"mean_test_score":0.6135879363,"std_test_score":0.1174195538,"rank_test_score":2}
{"mean_fit_time":0.1335306168,"std_fit_time":0.0026240861,"mean_score_time":0.024682951,"std_score_time":0.0012552851,"param_n_estimators":100,"params":{"n_estimators":100},"split0_test_score":0.5085416491,"split1_test_score":0.4744835038,"split2_test_score":0.6865820336,"split3_test_score":0.5488232491,"split4_test_score":0.845157695,"mean_test_score":0.6127176261,"std_test_score":0.1367685157,"rank_test_score":3}
{"mean_fit_time":0.2484728336,"std_fit_time":0.0042566146,"mean_score_time":0.0381887913,"std_score_time":0.001016972,"param_n_estimators":200,"params":{"n_estimators":200},"split0_test_score":0.5369326196,"split1_test_score":0.4669750507,"split2_test_score":0.6715885835,"split3_test_score":0.5578767329,"split4_test_score":0.8085129164,"mean_test_score":0.6083771806,"std_test_score":0.1197490518,"rank_test_score":4}
