{"mean_fit_time":34.8267754555,"std_fit_time":0.4546056277,"mean_score_time":0.1886557102,"std_score_time":0.0124752034,"param_n_estimators":800,"params":{"n_estimators":800},"split0_test_score":0.9386598148,"split1_test_score":0.9447072978,"split2_test_score":0.9327218112,"split3_test_score":0.9451275949,"split4_test_score":0.9384540502,"mean_test_score":0.9399341138,"std_test_score":0.004595373,"rank_test_score":1}
{"mean_fit_time":21.5192209721,"std_fit_time":0.1255820469,"mean_score_time":0.1173445225,"std_score_time":0.0035490561,"param_n_estimators":500,"params":{"n_estimators":500},"split0_test_score":0.9385631858,"split1_test_score":0.9443585127,"split2_test_score":0.9332454646,"split3_test_score":0.9448646689,"split4_test_score":0.9386315543,"mean_test_score":0.9399326773,"std_test_score":0.0042941775,"rank_test_score":2}
{"mean_fit_time":8.760063076,"std_fit_time":0.0648985308,"mean_score_time":0.0587081432,"std_score_time":0.0037346401,"param_n_estimators":200,"params":{"n_estimators":200},"split0_test_score":0.937891397,"split1_test_score":0.944459839,"split2_test_score":0.9332028175,"split3_test_score":0.9447772719,"split4_test_score":0.9380741906,"mean_test_score":0.9396811032,"std_test_score":0.0043945569,"rank_test_score":3}
{"mean_fit_time":4.5884508133,"std_fit_time":0.0915391099,"mean_score_time":0.0345303535,"std_score_time":0.0031531869,"param_n_estimators":100,"params":{"n_estimators":100},"split0_test_score":0.9368450212,"split1_test_score":0.9439387851,"split2_test_score":0.9321753146,"split3_test_score":0.9439545625,"split4_test_score":0.9375556745,"mean_test_score":0.9388938716,"std_test_score":0.0045208254,"rank_test_score":4}
