{"mean_fit_time":0.8801489353,"std_fit_time":0.1300775448,"mean_score_time":0.1212389946,"std_score_time":0.0020458643,"param_n_estimators":800,"params":{"n_estimators":800},"split0_test_score":0.8058254794,"split1_test_score":0.3536578543,"split2_test_score":0.3450285737,"split3_test_score":0.5110974703,"split4_test_score":0.537379861,"mean_test_score":0.5105978478,"std_test_score":0.1672843247,"rank_test_score":1}
{"mean_fit_time":0.4691915035,"std_fit_time":0.0345553411,"mean_score_time":0.0797603607,"std_score_time":0.0019965386,"param_n_estimators":500,"params":{"n_estimators":500},"split0_test_score":0.8025699872,"split1_test_score":0.3444288111,"split2_test_score":0.3399625611,"split3_test_score":0.5300082002,"split4_test_score":0.5356327147,"mean_test_score":0.5105204549,"std_test_score":0.1691033746,"rank_test_score":2}
{"mean_fit_time":0.2438827038,"std_fit_time":0.0559064314,"mean_score_time":0.0320922852,"std_score_time":0.0005877312,"param_n_estimators":150,"params":{"n_estimators":150},"split0_test_score":0.7982804989,"split1_test_score":0.3456284541,"split2_test_score":0.3439704967,"split3_test_score":0.5091110064,"split4_test_score":0.5383688876,"mean_test_score":0.5070718687,"std_test_score":0.1664044239,"rank_test_score":3}
{"mean_fit_time":0.2397107124,"std_fit_time":0.0107667767,"mean_score_time":0.0386629105,"std_score_time":0.0014105426,"param_n_estimators":200,"params":{"n_estimators":200},"split0_test_score":0.8054633522,"split1_test_score":0.344098355,"split2_test_score":0.3310726825,"split3_test_score":0.5116124037,"split4_test_score":0.5372399186,"mean_test_score":0.5058973424,"std_test_score":0.1717541192,"rank_test_score":4}
{"mean_fit_time":0.7913638592,"std_fit_time":0.0514099147,"mean_score_time":0.1035417557,"std_score_time":0.0013317351,"param_n_estimators":675,"params":{"n_estimators":675},"split0_test_score":0.7920828867,"split1_test_score":0.3490123961,"split2_test_score":0.3406597813,"split3_test_score":0.5071850388,"split4_test_score":0.5332903539,"mean_test_score":0.5044460914,"std_test_score":0.1640487783,"rank_test_score":5}
