{"mean_fit_time":6.0450356483,"std_fit_time":0.0646582165,"mean_score_time":0.1616625309,"std_score_time":0.0015403576,"param_n_estimators":800,"params":{"n_estimators":800},"split0_test_score":0.9426057278,"split1_test_score":0.9439681584,"split2_test_score":0.9481139635,"split3_test_score":0.9360659422,"split4_test_score":0.9246079587,"mean_test_score":0.9390723501,"std_test_score":0.0082031893,"rank_test_score":1}
{"mean_fit_time":5.1800967693,"std_fit_time":0.0720925881,"mean_score_time":0.1385542393,"std_score_time":0.0008627206,"param_n_estimators":675,"params":{"n_estimators":675},"split0_test_score":0.9426050818,"split1_test_score":0.9433522202,"split2_test_score":0.9485858675,"split3_test_score":0.9358826994,"split4_test_score":0.9243666089,"mean_test_score":0.9389584956,"std_test_score":0.0083387335,"rank_test_score":2}
{"mean_fit_time":3.7863997459,"std_fit_time":0.168729098,"mean_score_time":0.1047575951,"std_score_time":0.0004410525,"param_n_estimators":500,"params":{"n_estimators":500},"split0_test_score":0.9425379164,"split1_test_score":0.9436633116,"split2_test_score":0.9486874011,"split3_test_score":0.9352148812,"split4_test_score":0.9244218947,"mean_test_score":0.938905081,"std_test_score":0.0084251089,"rank_test_score":3}
{"mean_fit_time":1.4518003941,"std_fit_time":0.0208166247,"mean_score_time":0.0481965542,"std_score_time":0.0016141583,"param_n_estimators":200,"params":{"n_estimators":200},"split0_test_score":0.941998105,"split1_test_score":0.9440424346,"split2_test_score":0.9483324422,"split3_test_score":0.9355574349,"split4_test_score":0.9244392509,"mean_test_score":0.9388739335,"std_test_score":0.0083101921,"rank_test_score":4}
{"mean_fit_time":1.1832479954,"std_fit_time":0.1372250549,"mean_score_time":0.0389954567,"std_score_time":0.0005900082,"param_n_estimators":150,"params":{"n_estimators":150},"split0_test_score":0.9414391512,"split1_test_score":0.9434713016,"split2_test_score":0.9478412446,"split3_test_score":0.936084569,"split4_test_score":0.9237014057,"mean_test_score":0.9385075344,"std_test_score":0.0083119639,"rank_test_score":5}
