{"mean_fit_time":0.710213089,"std_fit_time":0.0303127966,"mean_score_time":0.1234313488,"std_score_time":0.0015758563,"param_n_estimators":800,"params":{"n_estimators":800},"split0_test_score":0.7899626813,"split1_test_score":0.8428283677,"split2_test_score":0.693975964,"split3_test_score":0.7039007361,"split4_test_score":0.7806725291,"mean_test_score":0.7622680556,"std_test_score":0.0559754135,"rank_test_score":1}
{"mean_fit_time":0.2513999462,"std_fit_time":0.022222911,"mean_score_time":0.0409259319,"std_score_time":0.0046451286,"param_n_estimators":200,"params":{"n_estimators":200},"split0_test_score":0.7824808039,"split1_test_score":0.8456531377,"split2_test_score":0.6904045482,"split3_test_score":0.708929336,"split4_test_score":0.776540312,"mean_test_score":0.7608016276,"std_test_score":0.055792392,"rank_test_score":2}
{"mean_fit_time":0.4335893631,"std_fit_time":0.0109390257,"mean_score_time":0.0828049183,"std_score_time":0.0041383034,"param_n_estimators":500,"params":{"n_estimators":500},"split0_test_score":0.7853945857,"split1_test_score":0.8426411941,"split2_test_score":0.6922685534,"split3_test_score":0.7024108513,"split4_test_score":0.7736940936,"mean_test_score":0.7592818556,"std_test_score":0.0557915054,"rank_test_score":3}
{"mean_fit_time":0.1255004883,"std_fit_time":0.0041906497,"mean_score_time":0.0252663612,"std_score_time":0.0011080036,"param_n_estimators":100,"params":{"n_estimators":100},"split0_test_score":0.7810569842,"split1_test_score":0.8404476456,"split2_test_score":0.6980489132,"split3_test_score":0.7122539211,"split4_test_score":0.7643684952,"mean_test_score":0.7592351919,"std_test_score":0.0510862106,"rank_test_score":4}
