{"mean_fit_time":2.6576714516,"std_fit_time":0.2669215234,"mean_score_time":0.1089456558,"std_score_time":0.0047493679,"param_n_estimators":675,"params":{"n_estimators":675},"split0_test_score":0.9402469196,"split1_test_score":0.9564603502,"split2_test_score":0.9427357521,"split3_test_score":0.948460637,"split4_test_score":0.9396862606,"mean_test_score":0.9455179839,"std_test_score":0.006291717,"rank_test_score":1}
{"mean_fit_time":0.7245684147,"std_fit_time":0.0067733695,"mean_score_time":0.0404453754,"std_score_time":0.0011942862,"param_n_estimators":200,"params":{"n_estimators":200},"split0_test_score":0.9403527779,"split1_test_score":0.9566544552,"split2_test_score":0.942718726,"split3_test_score":0.9485592657,"split4_test_score":0.9390936452,"mean_test_score":0.945475774,"std_test_score":0.0064660468,"rank_test_score":2}
{"mean_fit_time":1.8336743355,"std_fit_time":0.0761661761,"mean_score_time":0.0860461712,"std_score_time":0.0028110442,"param_n_estimators":500,"params":{"n_estimators":500},"split0_test_score":0.9389933615,"split1_test_score":0.9565660286,"split2_test_score":0.9434697334,"split3_test_score":0.9487632188,"split4_test_score":0.9393716253,"mean_test_score":0.9454327935,"std_test_score":0.0065893597,"rank_test_score":3}
{"mean_fit_time":2.9828308105,"std_fit_time":0.1373591025,"mean_score_time":0.1282836914,"std_score_time":0.006577472,"param_n_estimators":800,"params":{"n_estimators":800},"split0_test_score":0.9395524322,"split1_test_score":0.9566986526,"split2_test_score":0.9433033399,"split3_test_score":0.9479143907,"split4_test_score":0.9391585187,"mean_test_score":0.9453254668,"std_test_score":0.0065038459,"rank_test_score":4}
{"mean_fit_time":0.6010038376,"std_fit_time":0.0665739286,"mean_score_time":0.0342658997,"std_score_time":0.0011257401,"param_n_estimators":150,"params":{"n_estimators":150},"split0_test_score":0.9398346635,"split1_test_score":0.9554431965,"split2_test_score":0.9428970363,"split3_test_score":0.9478649826,"split4_test_score":0.9364032431,"mean_test_score":0.9444886244,"std_test_score":0.0066478318,"rank_test_score":5}
