{"mean_fit_time":4.022906208,"std_fit_time":0.0743472679,"mean_score_time":0.1052969933,"std_score_time":0.001543418,"param_n_estimators":500,"params":{"n_estimators":500},"split0_test_score":0.9280966315,"split1_test_score":0.9247281475,"split2_test_score":0.9268325285,"split3_test_score":0.9374718043,"split4_test_score":0.9334641317,"mean_test_score":0.9301186487,"std_test_score":0.0046734526,"rank_test_score":1}
{"mean_fit_time":5.4593304157,"std_fit_time":0.0875239235,"mean_score_time":0.1493199348,"std_score_time":0.0181642943,"param_n_estimators":675,"params":{"n_estimators":675},"split0_test_score":0.9274226819,"split1_test_score":0.9250753302,"split2_test_score":0.9268035732,"split3_test_score":0.9375085148,"split4_test_score":0.9333250284,"mean_test_score":0.9300270257,"std_test_score":0.0046592283,"rank_test_score":2}
{"mean_fit_time":1.6815240383,"std_fit_time":0.1119880829,"mean_score_time":0.0493146896,"std_score_time":0.0011566483,"param_n_estimators":200,"params":{"n_estimators":200},"split0_test_score":0.9274467921,"split1_test_score":0.9247797589,"split2_test_score":0.9279410742,"split3_test_score":0.9371768242,"split4_test_score":0.932783065,"mean_test_score":0.9300255029,"std_test_score":0.0044103961,"rank_test_score":3}
{"mean_fit_time":6.6100814819,"std_fit_time":0.2168947211,"mean_score_time":0.1646255016,"std_score_time":0.0039942909,"param_n_estimators":800,"params":{"n_estimators":800},"split0_test_score":0.9272688004,"split1_test_score":0.9248200171,"split2_test_score":0.9270618562,"split3_test_score":0.9372870884,"split4_test_score":0.9334434937,"mean_test_score":0.9299762512,"std_test_score":0.0046450156,"rank_test_score":4}
{"mean_fit_time":1.8257153034,"std_fit_time":1.1704031189,"mean_score_time":0.0405564785,"std_score_time":0.0015573838,"param_n_estimators":150,"params":{"n_estimators":150},"split0_test_score":0.9283960055,"split1_test_score":0.924220675,"split2_test_score":0.9259795186,"split3_test_score":0.9373143389,"split4_test_score":0.9324651822,"mean_test_score":0.929675144,"std_test_score":0.0047156481,"rank_test_score":5}
