{"mean_fit_time":2.6941313267,"std_fit_time":0.0207644931,"mean_score_time":0.1056572437,"std_score_time":0.0008462691,"param_n_estimators":675,"params":{"n_estimators":675},"split0_test_score":0.9418856559,"split1_test_score":0.940057523,"split2_test_score":0.9453565246,"split3_test_score":0.9285592897,"split4_test_score":0.939991422,"mean_test_score":0.939170083,"std_test_score":0.0056515038,"rank_test_score":1}
{"mean_fit_time":2.0923629761,"std_fit_time":0.2683012645,"mean_score_time":0.0810358524,"std_score_time":0.0012614179,"param_n_estimators":500,"params":{"n_estimators":500},"split0_test_score":0.9416152347,"split1_test_score":0.9395246943,"split2_test_score":0.9444948094,"split3_test_score":0.9297816216,"split4_test_score":0.9402977684,"mean_test_score":0.9391428257,"std_test_score":0.0049773165,"rank_test_score":2}
{"mean_fit_time":0.631229496,"std_fit_time":0.1308657281,"mean_score_time":0.0323019505,"std_score_time":0.0006356354,"param_n_estimators":150,"params":{"n_estimators":150},"split0_test_score":0.9408824865,"split1_test_score":0.9395596349,"split2_test_score":0.9460245717,"split3_test_score":0.9295275999,"split4_test_score":0.9397193435,"mean_test_score":0.9391427273,"std_test_score":0.0053543164,"rank_test_score":3}
{"mean_fit_time":3.1316096306,"std_fit_time":0.0667325949,"mean_score_time":0.1226117611,"std_score_time":0.0016160675,"param_n_estimators":800,"params":{"n_estimators":800},"split0_test_score":0.9417754297,"split1_test_score":0.9396223586,"split2_test_score":0.9446849891,"split3_test_score":0.9294771887,"split4_test_score":0.9401517812,"mean_test_score":0.9391423495,"std_test_score":0.0051442912,"rank_test_score":4}
{"mean_fit_time":0.7366899967,"std_fit_time":0.0071165505,"mean_score_time":0.0408353806,"std_score_time":0.0014689544,"param_n_estimators":200,"params":{"n_estimators":200},"split0_test_score":0.94068045,"split1_test_score":0.939259096,"split2_test_score":0.944390958,"split3_test_score":0.9283356338,"split4_test_score":0.9404524381,"mean_test_score":0.9386237152,"std_test_score":0.005423722,"rank_test_score":5}
