{"mean_fit_time":46.259460783,"std_fit_time":0.2213461416,"mean_score_time":0.2356955051,"std_score_time":0.0059393177,"param_n_estimators":800,"params":{"n_estimators":800},"split0_test_score":0.9023644671,"split1_test_score":0.9175553837,"split2_test_score":0.89712749,"split3_test_score":0.895391567,"split4_test_score":0.9074917767,"mean_test_score":0.9039861369,"std_test_score":0.0079993931,"rank_test_score":1}
{"mean_fit_time":10.5930997849,"std_fit_time":0.1132016307,"mean_score_time":0.0567461491,"std_score_time":0.0016265453,"param_n_estimators":200,"params":{"n_estimators":200},"split0_test_score":0.9034293034,"split1_test_score":0.9182013892,"split2_test_score":0.8968789211,"split3_test_score":0.8941122184,"split4_test_score":0.9072745156,"mean_test_score":0.9039792695,"std_test_score":0.0084994523,"rank_test_score":2}
{"mean_fit_time":29.0752801895,"std_fit_time":0.5756881691,"mean_score_time":0.1518274784,"std_score_time":0.0140662995,"param_n_estimators":500,"params":{"n_estimators":500},"split0_test_score":0.9033038852,"split1_test_score":0.9175842085,"split2_test_score":0.8974301072,"split3_test_score":0.8945670052,"split4_test_score":0.9062092151,"mean_test_score":0.9038188843,"std_test_score":0.0080234257,"rank_test_score":3}
{"mean_fit_time":5.6658872604,"std_fit_time":0.2118705054,"mean_score_time":0.0672245026,"std_score_time":0.0637450547,"param_n_estimators":100,"params":{"n_estimators":100},"split0_test_score":0.9004244297,"split1_test_score":0.91798352,"split2_test_score":0.8968697428,"split3_test_score":0.8944348013,"split4_test_score":0.9023205455,"mean_test_score":0.9024066079,"std_test_score":0.0082557035,"rank_test_score":4}
