{"mean_fit_time":0.8083985329,"std_fit_time":0.1299354339,"mean_score_time":0.11950984,"std_score_time":0.0020448109,"param_n_estimators":800,"params":{"n_estimators":800},"split0_test_score":0.8600473695,"split1_test_score":0.8022309512,"split2_test_score":0.7529832228,"split3_test_score":0.7129615099,"split4_test_score":0.8784422024,"mean_test_score":0.8013330512,"std_test_score":0.0625159721,"rank_test_score":1}
{"mean_fit_time":0.230544281,"std_fit_time":0.0550429665,"mean_score_time":0.0298005104,"std_score_time":0.0009804649,"param_n_estimators":150,"params":{"n_estimators":150},"split0_test_score":0.8548160538,"split1_test_score":0.7962892203,"split2_test_score":0.756704787,"split3_test_score":0.7096605732,"split4_test_score":0.8828878902,"mean_test_score":0.8000717049,"std_test_score":0.0631262763,"rank_test_score":2}
{"mean_fit_time":0.8485412598,"std_fit_time":0.1025900028,"mean_score_time":0.1031084061,"std_score_time":0.0029846782,"param_n_estimators":675,"params":{"n_estimators":675},"split0_test_score":0.8562985001,"split1_test_score":0.796004292,"split2_test_score":0.7511435151,"split3_test_score":0.7130006772,"split4_test_score":0.8798333539,"mean_test_score":0.7992560676,"std_test_score":0.062469068,"rank_test_score":3}
{"mean_fit_time":0.2269293785,"std_fit_time":0.0054535753,"mean_score_time":0.0372217655,"std_score_time":0.0007436943,"param_n_estimators":200,"params":{"n_estimators":200},"split0_test_score":0.8561518216,"split1_test_score":0.7893071771,"split2_test_score":0.7567715793,"split3_test_score":0.709062525,"split4_test_score":0.8799918471,"mean_test_score":0.79825699,"std_test_score":0.0629113494,"rank_test_score":4}
{"mean_fit_time":0.4116780281,"std_fit_time":0.0224510727,"mean_score_time":0.0787264347,"std_score_time":0.0016241339,"param_n_estimators":500,"params":{"n_estimators":500},"split0_test_score":0.8575775827,"split1_test_score":0.789572788,"split2_test_score":0.7542568298,"split3_test_score":0.7071254497,"split4_test_score":0.8809120982,"mean_test_score":0.7978889497,"std_test_score":0.0642907606,"rank_test_score":5}
