{"mean_fit_time":0.6826013565,"std_fit_time":0.0184821773,"mean_score_time":0.088470602,"std_score_time":0.003970556,"param_n_estimators":500,"params":{"n_estimators":500},"split0_test_score":0.9127635435,"split1_test_score":0.9248828452,"split2_test_score":0.6091256389,"split3_test_score":0.9094257753,"split4_test_score":0.8671476076,"mean_test_score":0.8446690821,"std_test_score":0.1193738083,"rank_test_score":1}
{"mean_fit_time":1.1191987991,"std_fit_time":0.1265659042,"mean_score_time":0.1287964821,"std_score_time":0.0010824919,"param_n_estimators":800,"params":{"n_estimators":800},"split0_test_score":0.9109375174,"split1_test_score":0.9268903584,"split2_test_score":0.6057708213,"split3_test_score":0.9093434362,"split4_test_score":0.8697281763,"mean_test_score":0.8445340619,"std_test_score":0.1208593083,"rank_test_score":2}
{"mean_fit_time":0.3040890217,"std_fit_time":0.0067600525,"mean_score_time":0.060485363,"std_score_time":0.0418396419,"param_n_estimators":200,"params":{"n_estimators":200},"split0_test_score":0.9113495291,"split1_test_score":0.9228675665,"split2_test_score":0.6003446978,"split3_test_score":0.9097368715,"split4_test_score":0.8700580475,"mean_test_score":0.8428713425,"std_test_score":0.1225707527,"rank_test_score":3}
{"mean_fit_time":0.1770450115,"std_fit_time":0.0200592141,"mean_score_time":0.0272100925,"std_score_time":0.0027931821,"param_n_estimators":100,"params":{"n_estimators":100},"split0_test_score":0.9110339827,"split1_test_score":0.9224932701,"split2_test_score":0.6118858112,"split3_test_score":0.9071430505,"split4_test_score":0.8613247901,"mean_test_score":0.8427761809,"std_test_score":0.1173127865,"rank_test_score":4}
