{"mean_fit_time":85.8945312023,"std_fit_time":0.6544095575,"mean_score_time":0.2308282852,"std_score_time":0.0386313706,"param_n_estimators":500,"params":{"n_estimators":500},"split0_test_score":0.9296498702,"split1_test_score":0.9327656786,"split2_test_score":0.9289005382,"split3_test_score":0.9303084207,"split4_test_score":0.9318829374,"mean_test_score":0.930701489,"std_test_score":0.0014255194,"rank_test_score":1}
{"mean_fit_time":139.1260882378,"std_fit_time":2.4517768575,"mean_score_time":0.3338346958,"std_score_time":0.0557363124,"param_n_estimators":800,"params":{"n_estimators":800},"split0_test_score":0.9294581292,"split1_test_score":0.9329548642,"split2_test_score":0.9286723771,"split3_test_score":0.9302855918,"split4_test_score":0.9316801732,"mean_test_score":0.9306102271,"std_test_score":0.0015381865,"rank_test_score":2}
{"mean_fit_time":35.6433055878,"std_fit_time":1.4557738226,"mean_score_time":0.0934033394,"std_score_time":0.017167857,"param_n_estimators":200,"params":{"n_estimators":200},"split0_test_score":0.9291084892,"split1_test_score":0.9327031623,"split2_test_score":0.9282448348,"split3_test_score":0.9298100235,"split4_test_score":0.9315880304,"mean_test_score":0.930290908,"std_test_score":0.0016320096,"rank_test_score":3}
{"mean_fit_time":19.1500747204,"std_fit_time":1.5039870327,"mean_score_time":0.0799263954,"std_score_time":0.0283165267,"param_n_estimators":100,"params":{"n_estimators":100},"split0_test_score":0.9290573138,"split1_test_score":0.932568178,"split2_test_score":0.9280566005,"split3_test_score":0.9295907603,"split4_test_score":0.9315896548,"mean_test_score":0.9301725014,"std_test_score":0.0016617276,"rank_test_score":4}
