{"mean_fit_time":121.7266182899,"std_fit_time":0.4805887154,"mean_score_time":0.3767621994,"std_score_time":0.0468438293,"param_n_estimators":800,"params":{"n_estimators":800},"split0_test_score":0.9132471787,"split1_test_score":0.914480412,"split2_test_score":0.9192910039,"split3_test_score":0.9077198677,"split4_test_score":0.9143524265,"mean_test_score":0.9138181778,"std_test_score":0.0036929995,"rank_test_score":1}
{"mean_fit_time":103.248795414,"std_fit_time":0.3102207677,"mean_score_time":0.3578502655,"std_score_time":0.0385147045,"param_n_estimators":675,"params":{"n_estimators":675},"split0_test_score":0.9133732706,"split1_test_score":0.9147098823,"split2_test_score":0.9185639085,"split3_test_score":0.9072816073,"split4_test_score":0.9146409873,"mean_test_score":0.9137139312,"std_test_score":0.0036568968,"rank_test_score":2}
{"mean_fit_time":77.510226965,"std_fit_time":0.4639996544,"mean_score_time":0.2566710472,"std_score_time":0.025669646,"param_n_estimators":500,"params":{"n_estimators":500},"split0_test_score":0.9132208199,"split1_test_score":0.9148027463,"split2_test_score":0.9186800489,"split3_test_score":0.9075869804,"split4_test_score":0.9141558479,"mean_test_score":0.9136892887,"std_test_score":0.003572752,"rank_test_score":3}
{"mean_fit_time":31.7286293983,"std_fit_time":0.1666589411,"mean_score_time":0.1266319752,"std_score_time":0.0249918923,"param_n_estimators":200,"params":{"n_estimators":200},"split0_test_score":0.913120519,"split1_test_score":0.9139666159,"split2_test_score":0.9184794676,"split3_test_score":0.9064321591,"split4_test_score":0.9144119964,"mean_test_score":0.9132821516,"std_test_score":0.0038911607,"rank_test_score":4}
{"mean_fit_time":24.1644751072,"std_fit_time":0.2048214419,"mean_score_time":0.0706976414,"std_score_time":0.0040364975,"param_n_estimators":150,"params":{"n_estimators":150},"split0_test_score":0.9128441661,"split1_test_score":0.9150707402,"split2_test_score":0.9176907314,"split3_test_score":0.9083079652,"split4_test_score":0.9122459604,"mean_test_score":0.9132319126,"std_test_score":0.0031186555,"rank_test_score":5}
