{"mean_fit_time":0.8673736572,"std_fit_time":0.0307712525,"mean_score_time":0.1293416977,"std_score_time":0.0022207686,"param_n_estimators":800,"params":{"n_estimators":800},"split0_test_score":0.6799016678,"split1_test_score":0.8664159728,"split2_test_score":0.8503132797,"split3_test_score":0.6410882271,"split4_test_score":0.9098011927,"mean_test_score":0.789504068,"std_test_score":0.1078188736,"rank_test_score":1}
{"mean_fit_time":0.2705132961,"std_fit_time":0.0039390896,"mean_score_time":0.0416205883,"std_score_time":0.0010469405,"param_n_estimators":200,"params":{"n_estimators":200},"split0_test_score":0.6518136291,"split1_test_score":0.8671730784,"split2_test_score":0.8469790714,"split3_test_score":0.6290204514,"split4_test_score":0.9143083627,"mean_test_score":0.7818589186,"std_test_score":0.1177568425,"rank_test_score":2}
{"mean_fit_time":0.5311591148,"std_fit_time":0.0477986892,"mean_score_time":0.0845677853,"std_score_time":0.0012522439,"param_n_estimators":500,"params":{"n_estimators":500},"split0_test_score":0.6580486085,"split1_test_score":0.8624390762,"split2_test_score":0.8547223421,"split3_test_score":0.6197566673,"split4_test_score":0.9110850162,"mean_test_score":0.7812103421,"std_test_score":0.118410856,"rank_test_score":3}
{"mean_fit_time":0.1637901306,"std_fit_time":0.0153294254,"mean_score_time":0.0281816483,"std_score_time":0.0021135594,"param_n_estimators":100,"params":{"n_estimators":100},"split0_test_score":0.6672486673,"split1_test_score":0.8611496736,"split2_test_score":0.8346369111,"split3_test_score":0.6322676994,"split4_test_score":0.9017441236,"mean_test_score":0.779409415,"std_test_score":0.1085615447,"rank_test_score":4}
