{"mean_fit_time":0.7105619907,"std_fit_time":0.0235953256,"mean_score_time":0.1295259476,"std_score_time":0.0015552915,"param_n_estimators":800,"params":{"n_estimators":800},"split0_test_score":0.8804995962,"split1_test_score":0.8711611737,"split2_test_score":0.8708118871,"split3_test_score":0.8373235201,"split4_test_score":0.8466612149,"mean_test_score":0.8612914784,"std_test_score":0.0164043195,"rank_test_score":1}
{"mean_fit_time":0.4422074795,"std_fit_time":0.0108914251,"mean_score_time":0.083862114,"std_score_time":0.0016409214,"param_n_estimators":500,"params":{"n_estimators":500},"split0_test_score":0.8840500244,"split1_test_score":0.8706411105,"split2_test_score":0.8711830212,"split3_test_score":0.8355360118,"split4_test_score":0.8438559232,"mean_test_score":0.8610532182,"std_test_score":0.0182771358,"rank_test_score":2}
{"mean_fit_time":0.1375024319,"std_fit_time":0.0045061867,"mean_score_time":0.0263536453,"std_score_time":0.0013830517,"param_n_estimators":100,"params":{"n_estimators":100},"split0_test_score":0.8805395579,"split1_test_score":0.8659537893,"split2_test_score":0.8731612092,"split3_test_score":0.834457269,"split4_test_score":0.8510594037,"mean_test_score":0.8610342458,"std_test_score":0.016477594,"rank_test_score":3}
{"mean_fit_time":0.2516330242,"std_fit_time":0.0131307272,"mean_score_time":0.0393636227,"std_score_time":0.0004082803,"param_n_estimators":200,"params":{"n_estimators":200},"split0_test_score":0.8798176556,"split1_test_score":0.8716507665,"split2_test_score":0.875704604,"split3_test_score":0.8353230346,"split4_test_score":0.8387654048,"mean_test_score":0.8602522931,"std_test_score":0.0191554526,"rank_test_score":4}
