{"mean_fit_time":35.4605860233,"std_fit_time":1.9606431328,"mean_score_time":0.15532341,"std_score_time":0.0162200237,"param_n_estimators":500,"params":{"n_estimators":500},"split0_test_score":0.9325348747,"split1_test_score":0.934919894,"split2_test_score":0.9391264527,"split3_test_score":0.9337410328,"split4_test_score":0.9391336692,"mean_test_score":0.9358911847,"std_test_score":0.0027499833,"rank_test_score":1}
{"mean_fit_time":52.702772522,"std_fit_time":0.6299173711,"mean_score_time":0.2109060764,"std_score_time":0.0146536505,"param_n_estimators":800,"params":{"n_estimators":800},"split0_test_score":0.9323240917,"split1_test_score":0.9350121837,"split2_test_score":0.9390765298,"split3_test_score":0.9337721072,"split4_test_score":0.939179379,"mean_test_score":0.9358728583,"std_test_score":0.0027908512,"rank_test_score":2}
{"mean_fit_time":13.2976403236,"std_fit_time":0.0701674495,"mean_score_time":0.058502388,"std_score_time":0.0027563357,"param_n_estimators":200,"params":{"n_estimators":200},"split0_test_score":0.9321495615,"split1_test_score":0.9346186113,"split2_test_score":0.9389003662,"split3_test_score":0.9338154292,"split4_test_score":0.9390409748,"mean_test_score":0.9357049886,"std_test_score":0.002783198,"rank_test_score":3}
{"mean_fit_time":6.9677946091,"std_fit_time":0.1037169857,"mean_score_time":0.0335240841,"std_score_time":0.0028960307,"param_n_estimators":100,"params":{"n_estimators":100},"split0_test_score":0.9316504054,"split1_test_score":0.9348164215,"split2_test_score":0.9387987111,"split3_test_score":0.9338995726,"split4_test_score":0.9389974719,"mean_test_score":0.9356325165,"std_test_score":0.0028591617,"rank_test_score":4}
