{"mean_fit_time":0.0073070526,"std_fit_time":0.0018824017,"mean_score_time":0.0005982399,"std_score_time":0.0004884641,"params":{},"split0_test_score":0.5354828789,"split1_test_score":0.8861523082,"split2_test_score":0.8314925802,"split3_test_score":0.9117380556,"split4_test_score":0.8338536642,"mean_test_score":0.7997438974,"std_test_score":0.1356572489,"rank_test_score":1}
