{"mean_fit_time":0.7698545933,"std_fit_time":0.0562537745,"mean_score_time":0.1043537617,"std_score_time":0.0041058772,"param_n_estimators":675,"params":{"n_estimators":675},"split0_test_score":0.5656082929,"split1_test_score":0.8877099144,"split2_test_score":0.8378388029,"split3_test_score":0.8757891383,"split4_test_score":0.7872555257,"mean_test_score":0.7908403348,"std_test_score":0.1179416756,"rank_test_score":1}
{"mean_fit_time":0.7368645668,"std_fit_time":0.0491762397,"mean_score_time":0.1233199596,"std_score_time":0.0028867796,"param_n_estimators":800,"params":{"n_estimators":800},"split0_test_score":0.5600493687,"split1_test_score":0.8901296534,"split2_test_score":0.838440421,"split3_test_score":0.8724697177,"split4_test_score":0.7859911579,"mean_test_score":0.7894160637,"std_test_score":0.1200544334,"rank_test_score":2}
{"mean_fit_time":0.2244878292,"std_fit_time":0.0256444888,"mean_score_time":0.0314929962,"std_score_time":0.0012297889,"param_n_estimators":150,"params":{"n_estimators":150},"split0_test_score":0.5612964439,"split1_test_score":0.8871980293,"split2_test_score":0.826048231,"split3_test_score":0.8798785712,"split4_test_score":0.7905213182,"mean_test_score":0.7889885187,"std_test_score":0.1192690759,"rank_test_score":3}
{"mean_fit_time":0.4565873146,"std_fit_time":0.0393303861,"mean_score_time":0.0810358047,"std_score_time":0.0018325898,"param_n_estimators":500,"params":{"n_estimators":500},"split0_test_score":0.5545644574,"split1_test_score":0.8904315777,"split2_test_score":0.836542255,"split3_test_score":0.8750041653,"split4_test_score":0.7878820353,"mean_test_score":0.7888848981,"std_test_score":0.1223981655,"rank_test_score":4}
{"mean_fit_time":0.2435899258,"std_fit_time":0.009622644,"mean_score_time":0.0386790276,"std_score_time":0.001293258,"param_n_estimators":200,"params":{"n_estimators":200},"split0_test_score":0.5492779101,"split1_test_score":0.8860182579,"split2_test_score":0.8356078699,"split3_test_score":0.8754279505,"split4_test_score":0.7857324169,"mean_test_score":0.7864128811,"std_test_score":0.1236919707,"rank_test_score":5}
