{"mean_fit_time":0.0282892227,"std_fit_time":0.0028611958,"mean_score_time":0.0001998901,"std_score_time":0.0003997803,"params":{},"split0_test_score":0.7425485214,"split1_test_score":0.9459841882,"split2_test_score":0.8163434544,"split3_test_score":0.8472400786,"split4_test_score":0.8818745322,"mean_test_score":0.8467981549,"std_test_score":0.0676223212,"rank_test_score":1}
