{"mean_fit_time":0.0008115768,"std_fit_time":0.0004062084,"mean_score_time":0.0109562874,"std_score_time":0.0013634082,"param_n_neighbors":7,"param_weights":"distance","params":{"n_neighbors":7,"weights":"distance"},"split0_test_score":0.745670369,"split1_test_score":0.4968476288,"split2_test_score":0.6446831972,"split3_test_score":0.6193923945,"split4_test_score":0.8282517266,"mean_test_score":0.6669690632,"std_test_score":0.1130552915,"rank_test_score":1}
{"mean_fit_time":0.0006034851,"std_fit_time":0.0004927928,"mean_score_time":0.011528635,"std_score_time":0.0031562042,"param_n_neighbors":8,"param_weights":"distance","params":{"n_neighbors":8,"weights":"distance"},"split0_test_score":0.7305740555,"split1_test_score":0.5143776317,"split2_test_score":0.6383506775,"split3_test_score":0.6166415247,"split4_test_score":0.8301865381,"mean_test_score":0.6660260855,"std_test_score":0.1070673724,"rank_test_score":2}
{"mean_fit_time":0.0005990505,"std_fit_time":0.0004891231,"mean_score_time":0.0108710766,"std_score_time":0.002304504,"param_n_neighbors":9,"param_weights":"distance","params":{"n_neighbors":9,"weights":"distance"},"split0_test_score":0.7115910487,"split1_test_score":0.5160857746,"split2_test_score":0.626076228,"split3_test_score":0.6347028139,"split4_test_score":0.8298779514,"mean_test_score":0.6636667633,"std_test_score":0.1038797412,"rank_test_score":3}
{"mean_fit_time":0.0006308079,"std_fit_time":0.0005175903,"mean_score_time":0.0112549305,"std_score_time":0.0041165171,"param_n_neighbors":10,"param_weights":"distance","params":{"n_neighbors":10,"weights":"distance"},"split0_test_score":0.6975852859,"split1_test_score":0.5205768855,"split2_test_score":0.6243826159,"split3_test_score":0.6424948111,"split4_test_score":0.8312014148,"mean_test_score":0.6632482026,"std_test_score":0.1016697188,"rank_test_score":4}
{"mean_fit_time":0.0007437706,"std_fit_time":0.0003890472,"mean_score_time":0.0091654301,"std_score_time":0.00137893,"param_n_neighbors":6,"param_weights":"distance","params":{"n_neighbors":6,"weights":"distance"},"split0_test_score":0.7484724831,"split1_test_score":0.4632462583,"split2_test_score":0.6498545007,"split3_test_score":0.6106783353,"split4_test_score":0.828436831,"mean_test_score":0.6601376817,"std_test_score":0.1244554894,"rank_test_score":5}
