{"mean_fit_time":0.005157423,"std_fit_time":0.0001550094,"mean_score_time":0.0008038521,"std_score_time":0.0004019528,"params":{},"split0_test_score":-4.7054372546,"split1_test_score":-0.4259752851,"split2_test_score":0.6388782839,"split3_test_score":0.2164873394,"split4_test_score":-0.1592691104,"mean_test_score":-0.8870632054,"std_test_score":1.942605875,"rank_test_score":1}
