{"mean_fit_time":0.1581182003,"std_fit_time":0.0127301403,"mean_score_time":0.0008641243,"std_score_time":0.000449351,"params":{},"split0_test_score":0.9118617204,"split1_test_score":0.9074510604,"split2_test_score":0.9133925941,"split3_test_score":0.9095226572,"split4_test_score":0.8937060481,"mean_test_score":0.907186816,"std_test_score":0.0070373787,"rank_test_score":1}
