{"mean_fit_time":25.2444908619,"std_fit_time":0.1823199796,"mean_score_time":0.1323031425,"std_score_time":0.0048884201,"param_n_estimators":500,"params":{"n_estimators":500},"split0_test_score":0.9425584198,"split1_test_score":0.9284650595,"split2_test_score":0.9312948227,"split3_test_score":0.901415194,"split4_test_score":0.9337275651,"mean_test_score":0.9274922122,"std_test_score":0.0138656943,"rank_test_score":1}
{"mean_fit_time":40.8354773998,"std_fit_time":1.3383404196,"mean_score_time":0.2039496422,"std_score_time":0.0098729831,"param_n_estimators":800,"params":{"n_estimators":800},"split0_test_score":0.9423313345,"split1_test_score":0.9278200523,"split2_test_score":0.9310152484,"split3_test_score":0.9012231954,"split4_test_score":0.934435836,"mean_test_score":0.9273651333,"std_test_score":0.0139349433,"rank_test_score":2}
{"mean_fit_time":10.6232038498,"std_fit_time":0.354562255,"mean_score_time":0.0569913387,"std_score_time":0.002456941,"param_n_estimators":200,"params":{"n_estimators":200},"split0_test_score":0.9424966538,"split1_test_score":0.9279993579,"split2_test_score":0.9300480299,"split3_test_score":0.9016123671,"split4_test_score":0.9336865956,"mean_test_score":0.9271686009,"std_test_score":0.0137079234,"rank_test_score":3}
{"mean_fit_time":5.7364958763,"std_fit_time":0.2923614856,"mean_score_time":0.0397080898,"std_score_time":0.0043187085,"param_n_estimators":100,"params":{"n_estimators":100},"split0_test_score":0.9423538989,"split1_test_score":0.9288828598,"split2_test_score":0.9309195581,"split3_test_score":0.9008624306,"split4_test_score":0.9316867384,"mean_test_score":0.9269410972,"std_test_score":0.0138547538,"rank_test_score":4}
