{"mean_fit_time":0.1835427284,"std_fit_time":0.0190347975,"mean_score_time":0.0,"std_score_time":0.0,"params":{},"split0_test_score":0.9339858819,"split1_test_score":0.8812560506,"split2_test_score":0.9147387943,"split3_test_score":0.8780329053,"split4_test_score":0.9049750655,"mean_test_score":0.9025977395,"std_test_score":0.0209626865,"rank_test_score":1}
