{"mean_fit_time":0.0168515205,"std_fit_time":0.0006064792,"mean_score_time":0.000398016,"std_score_time":0.0004874706,"params":{},"split0_test_score":0.9590876906,"split1_test_score":0.9581874457,"split2_test_score":0.9406251141,"split3_test_score":0.840438548,"split4_test_score":0.8270864404,"mean_test_score":0.9050850478,"std_test_score":0.0587574661,"rank_test_score":1}
