{"mean_fit_time":0.4794703484,"std_fit_time":0.0448677534,"mean_score_time":0.0799013615,"std_score_time":0.0014409685,"param_n_estimators":500,"params":{"n_estimators":500},"split0_test_score":0.947018546,"split1_test_score":0.9627167937,"split2_test_score":0.9387174312,"split3_test_score":0.8879312195,"split4_test_score":0.9126318763,"mean_test_score":0.9298031733,"std_test_score":0.0264849143,"rank_test_score":1}
{"mean_fit_time":0.2530389786,"std_fit_time":0.0139191229,"mean_score_time":0.0395175934,"std_score_time":0.0013795128,"param_n_estimators":200,"params":{"n_estimators":200},"split0_test_score":0.9438149914,"split1_test_score":0.9670619374,"split2_test_score":0.9404294437,"split3_test_score":0.8852479641,"split4_test_score":0.9122334615,"mean_test_score":0.9297575596,"std_test_score":0.0282535492,"rank_test_score":2}
{"mean_fit_time":0.2506302834,"std_fit_time":0.0315149863,"mean_score_time":0.0320573807,"std_score_time":0.0016830727,"param_n_estimators":150,"params":{"n_estimators":150},"split0_test_score":0.9437342087,"split1_test_score":0.9636313534,"split2_test_score":0.9453028197,"split3_test_score":0.888870917,"split4_test_score":0.9070266052,"mean_test_score":0.9297131808,"std_test_score":0.0274694002,"rank_test_score":3}
{"mean_fit_time":0.8581315041,"std_fit_time":0.0783228588,"mean_score_time":0.1041525841,"std_score_time":0.0026577556,"param_n_estimators":675,"params":{"n_estimators":675},"split0_test_score":0.9395572294,"split1_test_score":0.9681377808,"split2_test_score":0.9361812264,"split3_test_score":0.8924303913,"split4_test_score":0.911772688,"mean_test_score":0.9296158632,"std_test_score":0.0257953915,"rank_test_score":4}
{"mean_fit_time":0.862103796,"std_fit_time":0.1307991694,"mean_score_time":0.1193238735,"std_score_time":0.0025640708,"param_n_estimators":800,"params":{"n_estimators":800},"split0_test_score":0.945186666,"split1_test_score":0.9622848481,"split2_test_score":0.9389264723,"split3_test_score":0.8867087599,"split4_test_score":0.9092001568,"mean_test_score":0.9284613806,"std_test_score":0.0270094663,"rank_test_score":5}
