{"mean_fit_time":0.0006986618,"std_fit_time":0.00060109,"mean_score_time":0.0075489521,"std_score_time":0.0021844927,"param_n_neighbors":2,"param_weights":"uniform","params":{"n_neighbors":2,"weights":"uniform"},"split0_test_score":0.9090916984,"split1_test_score":0.9710720531,"split2_test_score":0.9781905244,"split3_test_score":0.9792075591,"split4_test_score":0.8586701391,"mean_test_score":0.9392463948,"std_test_score":0.0480171867,"rank_test_score":1}
{"mean_fit_time":0.0006039619,"std_fit_time":0.0004931612,"mean_score_time":0.0077754498,"std_score_time":0.0014330698,"param_n_neighbors":6,"param_weights":"uniform","params":{"n_neighbors":6,"weights":"uniform"},"split0_test_score":0.9339154221,"split1_test_score":0.9702555931,"split2_test_score":0.944413234,"split3_test_score":0.9508992229,"split4_test_score":0.8910105265,"mean_test_score":0.9380987997,"std_test_score":0.0263537033,"rank_test_score":2}
{"mean_fit_time":0.0004024982,"std_fit_time":0.0004929664,"mean_score_time":0.0087338448,"std_score_time":0.0007737807,"param_n_neighbors":3,"param_weights":"uniform","params":{"n_neighbors":3,"weights":"uniform"},"split0_test_score":0.9184184662,"split1_test_score":0.9671635582,"split2_test_score":0.9753776092,"split3_test_score":0.9653617798,"split4_test_score":0.8627964275,"mean_test_score":0.9378235682,"std_test_score":0.0425091142,"rank_test_score":3}
{"mean_fit_time":0.0025990486,"std_fit_time":0.0027971718,"mean_score_time":0.0069293499,"std_score_time":0.0019891444,"param_n_neighbors":5,"param_weights":"uniform","params":{"n_neighbors":5,"weights":"uniform"},"split0_test_score":0.9219736861,"split1_test_score":0.9682740407,"split2_test_score":0.9572499438,"split3_test_score":0.9491857762,"split4_test_score":0.8896110384,"mean_test_score":0.937258897,"std_test_score":0.0283117913,"rank_test_score":4}
{"mean_fit_time":0.0017963409,"std_fit_time":0.0026242129,"mean_score_time":0.0063127995,"std_score_time":0.0022997544,"param_n_neighbors":7,"param_weights":"uniform","params":{"n_neighbors":7,"weights":"uniform"},"split0_test_score":0.9228147667,"split1_test_score":0.9660420035,"split2_test_score":0.9536826953,"split3_test_score":0.9490981666,"split4_test_score":0.8841237469,"mean_test_score":0.9351522758,"std_test_score":0.029148463,"rank_test_score":5}
