{"mean_fit_time":0.4089766979,"std_fit_time":0.0323179929,"mean_score_time":0.0010721207,"std_score_time":0.0001429568,"params":{},"split0_test_score":0.887448845,"split1_test_score":0.8772837123,"split2_test_score":0.9158164112,"split3_test_score":0.9095404655,"split4_test_score":0.9094731821,"mean_test_score":0.8999125232,"std_test_score":0.0148623247,"rank_test_score":1}
