{"mean_fit_time":69.5416717529,"std_fit_time":0.6697481527,"mean_score_time":0.2143260479,"std_score_time":0.0154595826,"param_n_estimators":800,"params":{"n_estimators":800},"split0_test_score":0.9092768849,"split1_test_score":0.9145390529,"split2_test_score":0.9283764265,"split3_test_score":0.9251260535,"split4_test_score":0.9244378686,"mean_test_score":0.9203512573,"std_test_score":0.0072156199,"rank_test_score":1}
{"mean_fit_time":43.5934063435,"std_fit_time":0.2237528454,"mean_score_time":0.1455519676,"std_score_time":0.0210702197,"param_n_estimators":500,"params":{"n_estimators":500},"split0_test_score":0.9092649083,"split1_test_score":0.9140481939,"split2_test_score":0.9284451645,"split3_test_score":0.9247976787,"split4_test_score":0.9249844397,"mean_test_score":0.920308077,"std_test_score":0.0073399564,"rank_test_score":2}
{"mean_fit_time":17.7088372707,"std_fit_time":0.1008276528,"mean_score_time":0.09437747,"std_score_time":0.06274366,"param_n_estimators":200,"params":{"n_estimators":200},"split0_test_score":0.9095759809,"split1_test_score":0.913904084,"split2_test_score":0.9282919863,"split3_test_score":0.9242262681,"split4_test_score":0.9241885398,"mean_test_score":0.9200373718,"std_test_score":0.0070707231,"rank_test_score":3}
{"mean_fit_time":9.1499082088,"std_fit_time":0.0447007958,"mean_score_time":0.0393770218,"std_score_time":0.0017067567,"param_n_estimators":100,"params":{"n_estimators":100},"split0_test_score":0.9084874218,"split1_test_score":0.9129420745,"split2_test_score":0.9279926984,"split3_test_score":0.9240541638,"split4_test_score":0.9244002382,"mean_test_score":0.9195753194,"std_test_score":0.0074984474,"rank_test_score":4}
