{"mean_fit_time":1.3984846115,"std_fit_time":0.1069698471,"mean_score_time":0.137743187,"std_score_time":0.0037487559,"param_n_estimators":800,"params":{"n_estimators":800},"split0_test_score":0.605218907,"split1_test_score":0.7753828822,"split2_test_score":0.7692051054,"split3_test_score":0.7379933627,"split4_test_score":0.6734723538,"mean_test_score":0.7122545222,"std_test_score":0.0645782102,"rank_test_score":1}
{"mean_fit_time":0.3705145359,"std_fit_time":0.0122525316,"mean_score_time":0.0428252697,"std_score_time":0.0014955195,"param_n_estimators":200,"params":{"n_estimators":200},"split0_test_score":0.6002306955,"split1_test_score":0.778705448,"split2_test_score":0.7678577783,"split3_test_score":0.7385299789,"split4_test_score":0.6690720035,"mean_test_score":0.7108791808,"std_test_score":0.0672345999,"rank_test_score":2}
{"mean_fit_time":0.8153802395,"std_fit_time":0.0365585997,"mean_score_time":0.0879101276,"std_score_time":0.0021615996,"param_n_estimators":500,"params":{"n_estimators":500},"split0_test_score":0.5970893241,"split1_test_score":0.7738615318,"split2_test_score":0.7671191321,"split3_test_score":0.7380877717,"split4_test_score":0.6765065407,"mean_test_score":0.7105328601,"std_test_score":0.0663310278,"rank_test_score":3}
{"mean_fit_time":0.1946066856,"std_fit_time":0.0116644645,"mean_score_time":0.0275215149,"std_score_time":0.0012427461,"param_n_estimators":100,"params":{"n_estimators":100},"split0_test_score":0.6002816216,"split1_test_score":0.7710469296,"split2_test_score":0.7628705856,"split3_test_score":0.7421432835,"split4_test_score":0.6673252787,"mean_test_score":0.7087335398,"std_test_score":0.0654315702,"rank_test_score":4}
