{"mean_fit_time":0.0088591576,"std_fit_time":0.0004312964,"mean_score_time":0.0002266884,"std_score_time":0.0004533768,"params":{},"split0_test_score":0.7029860822,"split1_test_score":0.7882287865,"split2_test_score":0.7918561551,"split3_test_score":0.7497573566,"split4_test_score":0.6265610191,"mean_test_score":0.7318778799,"std_test_score":0.0616747452,"rank_test_score":1}
