{"mean_fit_time":7.6637073517,"std_fit_time":0.4076495509,"mean_score_time":0.2028106689,"std_score_time":0.0631760663,"param_n_estimators":800,"params":{"n_estimators":800},"split0_test_score":0.894613034,"split1_test_score":0.9038432141,"split2_test_score":0.9061549053,"split3_test_score":0.8924502121,"split4_test_score":0.9107186102,"mean_test_score":0.9015559951,"std_test_score":0.0069491705,"rank_test_score":1}
{"mean_fit_time":1.8921652317,"std_fit_time":0.07240046,"mean_score_time":0.0498188019,"std_score_time":0.0012000036,"param_n_estimators":200,"params":{"n_estimators":200},"split0_test_score":0.8947685065,"split1_test_score":0.9034564692,"split2_test_score":0.906208497,"split3_test_score":0.8925313503,"split4_test_score":0.910345145,"mean_test_score":0.9014619936,"std_test_score":0.0067819874,"rank_test_score":2}
{"mean_fit_time":4.6836990356,"std_fit_time":0.2182372036,"mean_score_time":0.1111074924,"std_score_time":0.0060568348,"param_n_estimators":500,"params":{"n_estimators":500},"split0_test_score":0.8947265678,"split1_test_score":0.903699056,"split2_test_score":0.9062125355,"split3_test_score":0.8917824751,"split4_test_score":0.9105662155,"mean_test_score":0.90139737,"std_test_score":0.0070639523,"rank_test_score":3}
{"mean_fit_time":0.9627575874,"std_fit_time":0.0375617311,"mean_score_time":0.0339644432,"std_score_time":0.0044391095,"param_n_estimators":100,"params":{"n_estimators":100},"split0_test_score":0.8945507042,"split1_test_score":0.9030954035,"split2_test_score":0.905837882,"split3_test_score":0.8913577683,"split4_test_score":0.9090790353,"mean_test_score":0.9007841587,"std_test_score":0.0067438823,"rank_test_score":4}
