{"mean_fit_time":0.035959959,"std_fit_time":0.0009813711,"mean_score_time":0.0005937099,"std_score_time":0.0004849735,"params":{},"split0_test_score":0.8831758891,"split1_test_score":0.9017613068,"split2_test_score":0.8939226211,"split3_test_score":0.883795646,"split4_test_score":0.9071730171,"mean_test_score":0.893965696,"std_test_score":0.0095399852,"rank_test_score":1}
