{"mean_fit_time":0.0007726669,"std_fit_time":0.0007418488,"mean_score_time":0.0914561749,"std_score_time":0.0019056129,"param_n_neighbors":6,"param_weights":"uniform","params":{"n_neighbors":6,"weights":"uniform"},"split0_test_score":0.8834072668,"split1_test_score":0.9061104212,"split2_test_score":0.8871248121,"split3_test_score":0.8908282771,"split4_test_score":0.9109364879,"mean_test_score":0.895681453,"std_test_score":0.0108526912,"rank_test_score":1}
{"mean_fit_time":0.0007991314,"std_fit_time":0.000747551,"mean_score_time":0.0920329571,"std_score_time":0.0035327452,"param_n_neighbors":7,"param_weights":"uniform","params":{"n_neighbors":7,"weights":"uniform"},"split0_test_score":0.8846486247,"split1_test_score":0.9055210502,"split2_test_score":0.8852219149,"split3_test_score":0.8904949863,"split4_test_score":0.910390899,"mean_test_score":0.895255495,"std_test_score":0.0106799153,"rank_test_score":2}
{"mean_fit_time":0.0005993843,"std_fit_time":0.0004893983,"mean_score_time":0.0928536415,"std_score_time":0.0031478694,"param_n_neighbors":8,"param_weights":"uniform","params":{"n_neighbors":8,"weights":"uniform"},"split0_test_score":0.8831358089,"split1_test_score":0.9051612757,"split2_test_score":0.8865515366,"split3_test_score":0.8888906774,"split4_test_score":0.9102475752,"mean_test_score":0.8947973748,"std_test_score":0.0108166,"rank_test_score":3}
{"mean_fit_time":0.0022078514,"std_fit_time":0.0019597514,"mean_score_time":0.0910563469,"std_score_time":0.0012608361,"param_n_neighbors":5,"param_weights":"uniform","params":{"n_neighbors":5,"weights":"uniform"},"split0_test_score":0.883810781,"split1_test_score":0.9047382153,"split2_test_score":0.8850917266,"split3_test_score":0.8886318829,"split4_test_score":0.9116581326,"mean_test_score":0.8947861477,"std_test_score":0.0112785014,"rank_test_score":4}
{"mean_fit_time":0.001411438,"std_fit_time":0.0023549733,"mean_score_time":0.0928423405,"std_score_time":0.0037615298,"param_n_neighbors":10,"param_weights":"uniform","params":{"n_neighbors":10,"weights":"uniform"},"split0_test_score":0.8838113604,"split1_test_score":0.9053769617,"split2_test_score":0.8858337327,"split3_test_score":0.889168269,"split4_test_score":0.9090824092,"mean_test_score":0.8946545466,"std_test_score":0.010474866,"rank_test_score":5}
