{"mean_fit_time":0.0411479473,"std_fit_time":0.0049811969,"mean_score_time":0.0007391453,"std_score_time":0.000654982,"params":{},"split0_test_score":0.8849677477,"split1_test_score":0.9019688102,"split2_test_score":0.8950947017,"split3_test_score":0.8880389869,"split4_test_score":0.8936995664,"mean_test_score":0.8927539626,"std_test_score":0.0059015723,"rank_test_score":1}
