{"mean_fit_time":7.6405012608,"std_fit_time":0.1987015383,"mean_score_time":0.1649963856,"std_score_time":0.0037235681,"param_n_estimators":800,"params":{"n_estimators":800},"split0_test_score":0.8940990514,"split1_test_score":0.9076271422,"split2_test_score":0.9035498918,"split3_test_score":0.908007156,"split4_test_score":0.9024612066,"mean_test_score":0.9031488896,"std_test_score":0.0050237592,"rank_test_score":1}
{"mean_fit_time":4.7918469429,"std_fit_time":0.160066077,"mean_score_time":0.1152414322,"std_score_time":0.0163180533,"param_n_estimators":500,"params":{"n_estimators":500},"split0_test_score":0.8936783657,"split1_test_score":0.9073276722,"split2_test_score":0.9037107816,"split3_test_score":0.9073075302,"split4_test_score":0.9023621047,"mean_test_score":0.9028772909,"std_test_score":0.0050002653,"rank_test_score":2}
{"mean_fit_time":1.8480111122,"std_fit_time":0.0249695647,"mean_score_time":0.0488726616,"std_score_time":0.0001914031,"param_n_estimators":200,"params":{"n_estimators":200},"split0_test_score":0.8924588926,"split1_test_score":0.9063603173,"split2_test_score":0.9039198289,"split3_test_score":0.9066938771,"split4_test_score":0.9019773851,"mean_test_score":0.9022820602,"std_test_score":0.0052031922,"rank_test_score":3}
{"mean_fit_time":1.0149074554,"std_fit_time":0.1286056131,"mean_score_time":0.0346665382,"std_score_time":0.0092577176,"param_n_estimators":100,"params":{"n_estimators":100},"split0_test_score":0.8930813915,"split1_test_score":0.9066908724,"split2_test_score":0.9037574209,"split3_test_score":0.906569586,"split4_test_score":0.9006777381,"mean_test_score":0.9021554018,"std_test_score":0.0050426805,"rank_test_score":4}
