{"mean_fit_time":0.0004002571,"std_fit_time":0.0004902137,"mean_score_time":0.0121145725,"std_score_time":0.0028043274,"param_n_neighbors":2,"param_weights":"distance","params":{"n_neighbors":2,"weights":"distance"},"split0_test_score":0.9178277133,"split1_test_score":0.3557069891,"split2_test_score":0.4976271866,"split3_test_score":0.6754088714,"split4_test_score":0.4816342686,"mean_test_score":0.5856410058,"std_test_score":0.1948536703,"rank_test_score":1}
{"mean_fit_time":0.0007837772,"std_fit_time":0.0003928787,"mean_score_time":0.0115103245,"std_score_time":0.0018065898,"param_n_neighbors":6,"param_weights":"distance","params":{"n_neighbors":6,"weights":"distance"},"split0_test_score":0.8571933476,"split1_test_score":0.3399721484,"split2_test_score":0.320608253,"split3_test_score":0.655723057,"split4_test_score":0.7292706187,"mean_test_score":0.5805534849,"std_test_score":0.2143584695,"rank_test_score":2}
{"mean_fit_time":0.0006005764,"std_fit_time":0.0004903723,"mean_score_time":0.0111199856,"std_score_time":0.0012483103,"param_n_neighbors":7,"param_weights":"distance","params":{"n_neighbors":7,"weights":"distance"},"split0_test_score":0.8437034146,"split1_test_score":0.3738752804,"split2_test_score":0.3077392977,"split3_test_score":0.6500867881,"split4_test_score":0.6972937353,"mean_test_score":0.5745397032,"std_test_score":0.2023233476,"rank_test_score":3}
{"mean_fit_time":0.0003798485,"std_fit_time":0.0004663987,"mean_score_time":0.0100323677,"std_score_time":0.0039843366,"param_n_neighbors":3,"param_weights":"distance","params":{"n_neighbors":3,"weights":"distance"},"split0_test_score":0.9014035389,"split1_test_score":0.3415204555,"split2_test_score":0.439151133,"split3_test_score":0.6618647735,"split4_test_score":0.4894129895,"mean_test_score":0.5666705781,"std_test_score":0.196992696,"rank_test_score":4}
{"mean_fit_time":0.0005277634,"std_fit_time":0.0004531117,"mean_score_time":0.0079230309,"std_score_time":0.0026105834,"param_n_neighbors":2,"param_weights":"uniform","params":{"n_neighbors":2,"weights":"uniform"},"split0_test_score":0.8178289864,"split1_test_score":0.3433765123,"split2_test_score":0.4991591983,"split3_test_score":0.6680588305,"split4_test_score":0.4778491639,"mean_test_score":0.5612545383,"std_test_score":0.1646333661,"rank_test_score":5}
