{"mean_fit_time":0.0113444805,"std_fit_time":0.0004307271,"mean_score_time":0.0006009102,"std_score_time":0.0004906456,"params":{},"split0_test_score":-13.9479840831,"split1_test_score":0.3640792768,"split2_test_score":-3.0022528918,"split3_test_score":-73.135534548,"split4_test_score":-26.3525870976,"mean_test_score":-23.2148558687,"std_test_score":26.6544927975,"rank_test_score":1}
