{"mean_fit_time":0.0777854443,"std_fit_time":0.0046807087,"mean_score_time":0.000604105,"std_score_time":0.0004932526,"params":{},"split0_test_score":0.8732672384,"split1_test_score":0.8983130696,"split2_test_score":0.8551782084,"split3_test_score":0.879303417,"split4_test_score":0.9034439445,"mean_test_score":0.8819011756,"std_test_score":0.0174862881,"rank_test_score":1}
