{"mean_fit_time":7.7970532417,"std_fit_time":0.0521822661,"mean_score_time":0.107945919,"std_score_time":0.0029561626,"param_n_estimators":500,"params":{"n_estimators":500},"split0_test_score":0.8897748466,"split1_test_score":0.9089854744,"split2_test_score":0.8503307943,"split3_test_score":0.8987510513,"split4_test_score":0.907609072,"mean_test_score":0.8910902477,"std_test_score":0.0215167931,"rank_test_score":1}
{"mean_fit_time":1.6726171017,"std_fit_time":0.125075328,"mean_score_time":0.0312261581,"std_score_time":0.0012344033,"param_n_estimators":100,"params":{"n_estimators":100},"split0_test_score":0.8934997713,"split1_test_score":0.9046094356,"split2_test_score":0.8512363672,"split3_test_score":0.8982950933,"split4_test_score":0.9065382774,"mean_test_score":0.8908357889,"std_test_score":0.020332898,"rank_test_score":2}
{"mean_fit_time":3.1624399662,"std_fit_time":0.1380580262,"mean_score_time":0.0524508476,"std_score_time":0.0042211212,"param_n_estimators":200,"params":{"n_estimators":200},"split0_test_score":0.8897783984,"split1_test_score":0.9095117597,"split2_test_score":0.8513901736,"split3_test_score":0.8974312794,"split4_test_score":0.9046495239,"mean_test_score":0.890552227,"std_test_score":0.020687118,"rank_test_score":3}
{"mean_fit_time":12.1641717911,"std_fit_time":0.0909981674,"mean_score_time":0.1666769981,"std_score_time":0.0034773747,"param_n_estimators":800,"params":{"n_estimators":800},"split0_test_score":0.890363297,"split1_test_score":0.9055597383,"split2_test_score":0.8484154353,"split3_test_score":0.8990558079,"split4_test_score":0.9061847096,"mean_test_score":0.8899157976,"std_test_score":0.0215194354,"rank_test_score":4}
