{"mean_fit_time":0.1217834473,"std_fit_time":0.0138158447,"mean_score_time":0.0003986359,"std_score_time":0.0004882318,"params":{},"split0_test_score":0.5872348789,"split1_test_score":0.7831965283,"split2_test_score":0.7323203109,"split3_test_score":0.8448425572,"split4_test_score":0.9135403547,"mean_test_score":0.772226926,"std_test_score":0.1106141425,"rank_test_score":1}
