{"mean_fit_time":15.4700006008,"std_fit_time":0.1406580659,"mean_score_time":0.1440811157,"std_score_time":0.0054980685,"param_n_estimators":675,"params":{"n_estimators":675},"split0_test_score":0.6638789613,"split1_test_score":0.8850203241,"split2_test_score":0.8965186083,"split3_test_score":0.8867447839,"split4_test_score":0.9201415354,"mean_test_score":0.8504608426,"std_test_score":0.0941279951,"rank_test_score":1}
{"mean_fit_time":11.5922313213,"std_fit_time":0.1309616059,"mean_score_time":0.1055259228,"std_score_time":0.0005381785,"param_n_estimators":500,"params":{"n_estimators":500},"split0_test_score":0.6612108354,"split1_test_score":0.8867345144,"split2_test_score":0.8924178189,"split3_test_score":0.8873629388,"split4_test_score":0.9206402811,"mean_test_score":0.8496732777,"std_test_score":0.095053195,"rank_test_score":2}
{"mean_fit_time":4.2014214993,"std_fit_time":1.3386749974,"mean_score_time":0.0402203083,"std_score_time":0.0008775681,"param_n_estimators":150,"params":{"n_estimators":150},"split0_test_score":0.6598324645,"split1_test_score":0.8811578051,"split2_test_score":0.8935614254,"split3_test_score":0.8880282041,"split4_test_score":0.9250362975,"mean_test_score":0.8495232393,"std_test_score":0.0960286956,"rank_test_score":3}
{"mean_fit_time":18.5365444183,"std_fit_time":0.1554042034,"mean_score_time":0.1665514469,"std_score_time":0.0028916526,"param_n_estimators":800,"params":{"n_estimators":800},"split0_test_score":0.6618210023,"split1_test_score":0.885911032,"split2_test_score":0.8940753539,"split3_test_score":0.8867307089,"split4_test_score":0.9189235249,"mean_test_score":0.8494923244,"std_test_score":0.0945958591,"rank_test_score":4}
{"mean_fit_time":4.7062609196,"std_fit_time":0.106344159,"mean_score_time":0.0499930382,"std_score_time":0.0016589205,"param_n_estimators":200,"params":{"n_estimators":200},"split0_test_score":0.6625879576,"split1_test_score":0.8856165867,"split2_test_score":0.8874732735,"split3_test_score":0.8875229877,"split4_test_score":0.9221805207,"mean_test_score":0.8490762652,"std_test_score":0.0942441477,"rank_test_score":5}
