{"mean_fit_time":0.0189473629,"std_fit_time":0.0011228666,"mean_score_time":0.0004031658,"std_score_time":0.0004938027,"params":{},"split0_test_score":0.9515325442,"split1_test_score":0.9577981233,"split2_test_score":0.7705733499,"split3_test_score":0.9478301493,"split4_test_score":0.8949121895,"mean_test_score":0.9045292712,"std_test_score":0.0706519942,"rank_test_score":1}
