{"mean_fit_time":0.0013028145,"std_fit_time":0.0007475543,"mean_score_time":0.0164384842,"std_score_time":0.0030135679,"param_n_neighbors":2,"param_weights":"distance","params":{"n_neighbors":2,"weights":"distance"},"split0_test_score":0.9395004493,"split1_test_score":0.9405667079,"split2_test_score":0.8916425842,"split3_test_score":0.936073879,"split4_test_score":0.918619155,"mean_test_score":0.9252805551,"std_test_score":0.0185916919,"rank_test_score":1}
{"mean_fit_time":0.0009996414,"std_fit_time":0.0008947905,"mean_score_time":0.0155567646,"std_score_time":0.0034696929,"param_n_neighbors":7,"param_weights":"distance","params":{"n_neighbors":7,"weights":"distance"},"split0_test_score":0.9497582583,"split1_test_score":0.9557430848,"split2_test_score":0.8838028175,"split3_test_score":0.9472229501,"split4_test_score":0.8848113991,"mean_test_score":0.924267702,"std_test_score":0.0327463534,"rank_test_score":2}
{"mean_fit_time":0.0010110378,"std_fit_time":0.0006501972,"mean_score_time":0.0170443535,"std_score_time":0.0029590392,"param_n_neighbors":5,"param_weights":"distance","params":{"n_neighbors":5,"weights":"distance"},"split0_test_score":0.9457169879,"split1_test_score":0.9545014832,"split2_test_score":0.8860296912,"split3_test_score":0.9453351514,"split4_test_score":0.8885419595,"mean_test_score":0.9240250547,"std_test_score":0.0301866546,"rank_test_score":3}
{"mean_fit_time":0.0016169071,"std_fit_time":0.0022769287,"mean_score_time":0.0142834187,"std_score_time":0.0030226178,"param_n_neighbors":8,"param_weights":"distance","params":{"n_neighbors":8,"weights":"distance"},"split0_test_score":0.9494800336,"split1_test_score":0.9570599178,"split2_test_score":0.8817608961,"split3_test_score":0.9486036507,"split4_test_score":0.8829526064,"mean_test_score":0.9239714209,"std_test_score":0.0341073489,"rank_test_score":4}
{"mean_fit_time":0.0016100407,"std_fit_time":0.0022614482,"mean_score_time":0.0143685341,"std_score_time":0.0028593977,"param_n_neighbors":6,"param_weights":"distance","params":{"n_neighbors":6,"weights":"distance"},"split0_test_score":0.9479934401,"split1_test_score":0.9551613825,"split2_test_score":0.884391541,"split3_test_score":0.9469950872,"split4_test_score":0.8850236297,"mean_test_score":0.9239130161,"std_test_score":0.0321354651,"rank_test_score":5}
