{"mean_fit_time":0.7580217838,"std_fit_time":0.0287896377,"mean_score_time":0.0878231049,"std_score_time":0.0044579107,"param_n_estimators":500,"params":{"n_estimators":500},"split0_test_score":0.9557212389,"split1_test_score":0.9578358105,"split2_test_score":0.8915090771,"split3_test_score":0.9394231797,"split4_test_score":0.9251795135,"mean_test_score":0.9339337639,"std_test_score":0.0243007265,"rank_test_score":1}
{"mean_fit_time":0.3288671494,"std_fit_time":0.0058806169,"mean_score_time":0.0416095734,"std_score_time":0.0019027138,"param_n_estimators":200,"params":{"n_estimators":200},"split0_test_score":0.9555082455,"split1_test_score":0.9558234309,"split2_test_score":0.8876350862,"split3_test_score":0.9396837317,"split4_test_score":0.9286159431,"mean_test_score":0.9334532875,"std_test_score":0.0250933075,"rank_test_score":2}
{"mean_fit_time":1.1884122372,"std_fit_time":0.0703649322,"mean_score_time":0.1298367977,"std_score_time":0.001542529,"param_n_estimators":800,"params":{"n_estimators":800},"split0_test_score":0.9556742131,"split1_test_score":0.9577885503,"split2_test_score":0.8903415998,"split3_test_score":0.9391523308,"split4_test_score":0.9196122821,"mean_test_score":0.9325137952,"std_test_score":0.0251564364,"rank_test_score":3}
{"mean_fit_time":0.1732707024,"std_fit_time":0.0039030779,"mean_score_time":0.0271323681,"std_score_time":0.00120341,"param_n_estimators":100,"params":{"n_estimators":100},"split0_test_score":0.9546204511,"split1_test_score":0.9550184168,"split2_test_score":0.8872919573,"split3_test_score":0.9395292347,"split4_test_score":0.9218048566,"mean_test_score":0.9316529833,"std_test_score":0.0252996823,"rank_test_score":4}
