{"mean_fit_time":0.0343397141,"std_fit_time":0.001259961,"mean_score_time":0.0002000332,"std_score_time":0.0004000664,"params":{},"split0_test_score":0.9407985535,"split1_test_score":0.9396628292,"split2_test_score":0.940687858,"split3_test_score":0.9345853081,"split4_test_score":0.929775497,"mean_test_score":0.9371020092,"std_test_score":0.0043149071,"rank_test_score":1}
