{"mean_fit_time":0.0075055122,"std_fit_time":0.000445236,"mean_score_time":0.0002002239,"std_score_time":0.0004004478,"params":{},"split0_test_score":-22.8715594355,"split1_test_score":-0.0145361109,"split2_test_score":-9.3883027559,"split3_test_score":-3.0449005986,"split4_test_score":0.2153685967,"mean_test_score":-7.0207860608,"std_test_score":8.6499628863,"rank_test_score":1}
