{"mean_fit_time":0.0227748394,"std_fit_time":0.0036134878,"mean_score_time":0.000799942,"std_score_time":0.0003999711,"params":{},"split0_test_score":0.8890465876,"split1_test_score":0.8588605514,"split2_test_score":0.8964434544,"split3_test_score":0.8889225664,"split4_test_score":0.8511779602,"mean_test_score":0.876890224,"std_test_score":0.0182267543,"rank_test_score":1}
