{"mean_fit_time":1.9226830482,"std_fit_time":0.0279985743,"mean_score_time":0.1377951622,"std_score_time":0.0063613326,"param_n_estimators":800,"params":{"n_estimators":800},"split0_test_score":0.9360342188,"split1_test_score":0.8172480789,"split2_test_score":0.90188258,"split3_test_score":0.9236826215,"split4_test_score":0.9327336547,"mean_test_score":0.9023162307,"std_test_score":0.0441710846,"rank_test_score":1}
{"mean_fit_time":0.5009635925,"std_fit_time":0.0146593184,"mean_score_time":0.0440638065,"std_score_time":0.0021217413,"param_n_estimators":200,"params":{"n_estimators":200},"split0_test_score":0.9366135563,"split1_test_score":0.8163708576,"split2_test_score":0.9008662573,"split3_test_score":0.9257136283,"split4_test_score":0.9315182213,"mean_test_score":0.9022165041,"std_test_score":0.0446433889,"rank_test_score":2}
{"mean_fit_time":1.2232698917,"std_fit_time":0.0323933991,"mean_score_time":0.092646122,"std_score_time":0.0025804622,"param_n_estimators":500,"params":{"n_estimators":500},"split0_test_score":0.936179142,"split1_test_score":0.8171593549,"split2_test_score":0.9014841468,"split3_test_score":0.9230798041,"split4_test_score":0.9313877821,"mean_test_score":0.901858046,"std_test_score":0.0439870754,"rank_test_score":3}
{"mean_fit_time":0.272101593,"std_fit_time":0.0113087219,"mean_score_time":0.027476263,"std_score_time":0.0021406903,"param_n_estimators":100,"params":{"n_estimators":100},"split0_test_score":0.9370502342,"split1_test_score":0.8109819425,"split2_test_score":0.8965348643,"split3_test_score":0.9234850914,"split4_test_score":0.9302099478,"mean_test_score":0.899652416,"std_test_score":0.0464166521,"rank_test_score":4}
