{"mean_fit_time":0.038060379,"std_fit_time":0.0038800711,"mean_score_time":0.0007070065,"std_score_time":0.0004040187,"params":{},"split0_test_score":0.9133916482,"split1_test_score":0.9588377672,"split2_test_score":0.9304723253,"split3_test_score":0.9389465998,"split4_test_score":0.9438363773,"mean_test_score":0.9370969435,"std_test_score":0.0150155333,"rank_test_score":1}
