{"mean_fit_time":0.0007991314,"std_fit_time":0.000399566,"mean_score_time":0.07933321,"std_score_time":0.0056329341,"param_n_neighbors":10,"param_weights":"distance","params":{"n_neighbors":10,"weights":"distance"},"split0_test_score":0.9233718686,"split1_test_score":0.9242515318,"split2_test_score":0.9261961085,"split3_test_score":0.9302111144,"split4_test_score":0.9345909897,"mean_test_score":0.9277243226,"std_test_score":0.0041635278,"rank_test_score":1}
{"mean_fit_time":0.001378727,"std_fit_time":0.0005134876,"mean_score_time":0.0799572468,"std_score_time":0.0028714601,"param_n_neighbors":9,"param_weights":"distance","params":{"n_neighbors":9,"weights":"distance"},"split0_test_score":0.9230355939,"split1_test_score":0.92445801,"split2_test_score":0.9252552187,"split3_test_score":0.930070958,"split4_test_score":0.9345912195,"mean_test_score":0.9274822,"std_test_score":0.0042688945,"rank_test_score":2}
{"mean_fit_time":0.0014454842,"std_fit_time":0.0007811629,"mean_score_time":0.0856891632,"std_score_time":0.0084390459,"param_n_neighbors":8,"param_weights":"distance","params":{"n_neighbors":8,"weights":"distance"},"split0_test_score":0.9223002015,"split1_test_score":0.9236636245,"split2_test_score":0.9247321448,"split3_test_score":0.9294960166,"split4_test_score":0.9348839425,"mean_test_score":0.927015186,"std_test_score":0.0046205664,"rank_test_score":3}
{"mean_fit_time":0.0017342091,"std_fit_time":0.0021037623,"mean_score_time":0.0861619949,"std_score_time":0.0166314482,"param_n_neighbors":7,"param_weights":"distance","params":{"n_neighbors":7,"weights":"distance"},"split0_test_score":0.9227642624,"split1_test_score":0.9230698692,"split2_test_score":0.9246685935,"split3_test_score":0.9286189066,"split4_test_score":0.9344341663,"mean_test_score":0.9267111596,"std_test_score":0.0043884713,"rank_test_score":4}
{"mean_fit_time":0.0011815548,"std_fit_time":0.0014762896,"mean_score_time":0.0732473373,"std_score_time":0.0019715906,"param_n_neighbors":7,"param_weights":"uniform","params":{"n_neighbors":7,"weights":"uniform"},"split0_test_score":0.9228473656,"split1_test_score":0.9248109776,"split2_test_score":0.9195233952,"split3_test_score":0.9308678252,"split4_test_score":0.9320441451,"mean_test_score":0.9260187418,"std_test_score":0.0047649752,"rank_test_score":5}
