{"mean_fit_time":0.0358916759,"std_fit_time":0.0029874191,"mean_score_time":0.0005993843,"std_score_time":0.0004893956,"params":{},"split0_test_score":0.9239281121,"split1_test_score":0.9243983019,"split2_test_score":0.91643589,"split3_test_score":0.9374032566,"split4_test_score":0.9306401268,"mean_test_score":0.9265611375,"std_test_score":0.0070472834,"rank_test_score":1}
