{"mean_fit_time":0.0293086052,"std_fit_time":0.0015330282,"mean_score_time":0.0005963326,"std_score_time":0.0004869985,"params":{},"split0_test_score":0.9137575734,"split1_test_score":0.9219017567,"split2_test_score":0.9298741951,"split3_test_score":0.8891486102,"split4_test_score":0.9244070656,"mean_test_score":0.9158178402,"std_test_score":0.014309874,"rank_test_score":1}
