{"mean_fit_time":0.0186270237,"std_fit_time":0.0011949166,"mean_score_time":0.0004018307,"std_score_time":0.0004921518,"params":{},"split0_test_score":0.9023350967,"split1_test_score":0.8152120775,"split2_test_score":0.9294004334,"split3_test_score":0.8539994254,"split4_test_score":0.925558362,"mean_test_score":0.885301079,"std_test_score":0.0441538703,"rank_test_score":1}
