{"mean_fit_time":1.4503508091,"std_fit_time":0.2614054242,"mean_score_time":0.106174469,"std_score_time":0.0026327722,"param_n_estimators":675,"params":{"n_estimators":675},"split0_test_score":0.8616619075,"split1_test_score":0.8260721156,"split2_test_score":0.918938997,"split3_test_score":0.9183020903,"split4_test_score":0.8978616716,"mean_test_score":0.8845673564,"std_test_score":0.0358957756,"rank_test_score":1}
{"mean_fit_time":0.3617106915,"std_fit_time":0.091461272,"mean_score_time":0.0324187279,"std_score_time":0.0007685267,"param_n_estimators":150,"params":{"n_estimators":150},"split0_test_score":0.8668617446,"split1_test_score":0.8246255434,"split2_test_score":0.9191141947,"split3_test_score":0.9145017909,"split4_test_score":0.8960564209,"mean_test_score":0.8842319389,"std_test_score":0.0350071425,"rank_test_score":2}
{"mean_fit_time":0.3821727276,"std_fit_time":0.0089608361,"mean_score_time":0.0371330261,"std_score_time":0.000820039,"param_n_estimators":200,"params":{"n_estimators":200},"split0_test_score":0.8626847592,"split1_test_score":0.8261030196,"split2_test_score":0.9187200105,"split3_test_score":0.9176900028,"split4_test_score":0.8955495368,"mean_test_score":0.8841494658,"std_test_score":0.0354405851,"rank_test_score":3}
{"mean_fit_time":0.9955495358,"std_fit_time":0.1270122962,"mean_score_time":0.0814639091,"std_score_time":0.0010978151,"param_n_estimators":500,"params":{"n_estimators":500},"split0_test_score":0.8610101252,"split1_test_score":0.8243114698,"split2_test_score":0.9183370198,"split3_test_score":0.9181872533,"split4_test_score":0.8972000866,"mean_test_score":0.8838091909,"std_test_score":0.0363678826,"rank_test_score":4}
{"mean_fit_time":1.5436062813,"std_fit_time":0.0949416531,"mean_score_time":0.1347774029,"std_score_time":0.014318058,"param_n_estimators":800,"params":{"n_estimators":800},"split0_test_score":0.8619989378,"split1_test_score":0.8262892079,"split2_test_score":0.9191444042,"split3_test_score":0.91709317,"split4_test_score":0.8943875849,"mean_test_score":0.8837826609,"std_test_score":0.0353625085,"rank_test_score":5}
