{"mean_fit_time":0.0006750107,"std_fit_time":0.0013500214,"mean_score_time":0.0193981171,"std_score_time":0.0041691249,"param_n_neighbors":7,"param_weights":"uniform","params":{"n_neighbors":7,"weights":"uniform"},"split0_test_score":0.886430729,"split1_test_score":0.8076656669,"split2_test_score":0.9134082224,"split3_test_score":0.9247773275,"split4_test_score":0.8943041586,"mean_test_score":0.8853172209,"std_test_score":0.0411289999,"rank_test_score":1}
{"mean_fit_time":0.0005998611,"std_fit_time":0.0004897864,"mean_score_time":0.0226479053,"std_score_time":0.0038891399,"param_n_neighbors":8,"param_weights":"distance","params":{"n_neighbors":8,"weights":"distance"},"split0_test_score":0.8838480326,"split1_test_score":0.7979132545,"split2_test_score":0.9211979343,"split3_test_score":0.9217027854,"split4_test_score":0.899122027,"mean_test_score":0.8847568068,"std_test_score":0.0456989039,"rank_test_score":2}
{"mean_fit_time":0.0011214733,"std_fit_time":0.0004629831,"mean_score_time":0.0202702045,"std_score_time":0.0013516092,"param_n_neighbors":7,"param_weights":"distance","params":{"n_neighbors":7,"weights":"distance"},"split0_test_score":0.8861441643,"split1_test_score":0.7975218683,"split2_test_score":0.9186773964,"split3_test_score":0.9209820075,"split4_test_score":0.8986745171,"mean_test_score":0.8843999907,"std_test_score":0.0453162154,"rank_test_score":3}
{"mean_fit_time":0.0010023117,"std_fit_time":0.0006320518,"mean_score_time":0.022993803,"std_score_time":0.0053906623,"param_n_neighbors":9,"param_weights":"distance","params":{"n_neighbors":9,"weights":"distance"},"split0_test_score":0.8800717562,"split1_test_score":0.7954173632,"split2_test_score":0.922548748,"split3_test_score":0.9217496553,"split4_test_score":0.9009221348,"mean_test_score":0.8841419315,"std_test_score":0.0470310855,"rank_test_score":4}
{"mean_fit_time":0.0017909527,"std_fit_time":0.0021364332,"mean_score_time":0.0182153225,"std_score_time":0.002405294,"param_n_neighbors":8,"param_weights":"uniform","params":{"n_neighbors":8,"weights":"uniform"},"split0_test_score":0.8794093767,"split1_test_score":0.8087781626,"split2_test_score":0.9160166497,"split3_test_score":0.9230833178,"split4_test_score":0.8898333269,"mean_test_score":0.8834241667,"std_test_score":0.0406554794,"rank_test_score":5}
