{"mean_fit_time":0.5276097775,"std_fit_time":0.0911331728,"mean_score_time":0.0790705681,"std_score_time":0.0005503137,"param_n_estimators":500,"params":{"n_estimators":500},"split0_test_score":0.9182927217,"split1_test_score":0.6751697816,"split2_test_score":0.9061824603,"split3_test_score":0.7870053082,"split4_test_score":0.8633488462,"mean_test_score":0.8299998236,"std_test_score":0.0900360567,"rank_test_score":1}
{"mean_fit_time":0.8667240143,"std_fit_time":0.0817059235,"mean_score_time":0.1030546665,"std_score_time":0.0018939679,"param_n_estimators":675,"params":{"n_estimators":675},"split0_test_score":0.9218102474,"split1_test_score":0.6667678024,"split2_test_score":0.9061653587,"split3_test_score":0.7882640374,"split4_test_score":0.8591352868,"mean_test_score":0.8284285465,"std_test_score":0.0932238616,"rank_test_score":2}
{"mean_fit_time":0.8328306675,"std_fit_time":0.195861701,"mean_score_time":0.1198558331,"std_score_time":0.0025376152,"param_n_estimators":800,"params":{"n_estimators":800},"split0_test_score":0.9190388399,"split1_test_score":0.6692074891,"split2_test_score":0.9070288839,"split3_test_score":0.7850384103,"split4_test_score":0.8585067883,"mean_test_score":0.8277640823,"std_test_score":0.0922223188,"rank_test_score":3}
{"mean_fit_time":0.2185337067,"std_fit_time":0.0043226681,"mean_score_time":0.0303467751,"std_score_time":0.0003585048,"param_n_estimators":150,"params":{"n_estimators":150},"split0_test_score":0.9162495871,"split1_test_score":0.6726989095,"split2_test_score":0.9117155798,"split3_test_score":0.7913173856,"split4_test_score":0.8455006523,"mean_test_score":0.8274964229,"std_test_score":0.090072566,"rank_test_score":4}
{"mean_fit_time":0.2475096703,"std_fit_time":0.0091155188,"mean_score_time":0.0382790089,"std_score_time":0.0012770168,"param_n_estimators":200,"params":{"n_estimators":200},"split0_test_score":0.9187323354,"split1_test_score":0.6682167254,"split2_test_score":0.9075778661,"split3_test_score":0.7865078231,"split4_test_score":0.8560170471,"mean_test_score":0.8274103594,"std_test_score":0.0923043938,"rank_test_score":5}
