{"mean_fit_time":0.0128834248,"std_fit_time":0.0028067312,"mean_score_time":0.0006004333,"std_score_time":0.0004902522,"params":{},"split0_test_score":0.8079721289,"split1_test_score":0.6134415082,"split2_test_score":0.8669685727,"split3_test_score":0.1302630203,"split4_test_score":0.7944477404,"mean_test_score":0.6426185941,"std_test_score":0.2698467455,"rank_test_score":1}
