{"mean_fit_time":1.6607576847,"std_fit_time":0.0550179139,"mean_score_time":0.0933803558,"std_score_time":0.0011655952,"param_n_estimators":500,"params":{"n_estimators":500},"split0_test_score":0.9470448817,"split1_test_score":0.9576619323,"split2_test_score":0.9509476187,"split3_test_score":0.9500660947,"split4_test_score":0.949225656,"mean_test_score":0.9509892367,"std_test_score":0.0035790206,"rank_test_score":1}
{"mean_fit_time":2.6026683807,"std_fit_time":0.042060668,"mean_score_time":0.1418665409,"std_score_time":0.0012258654,"param_n_estimators":800,"params":{"n_estimators":800},"split0_test_score":0.9469438521,"split1_test_score":0.9577660622,"split2_test_score":0.9508319679,"split3_test_score":0.9502737075,"split4_test_score":0.9491002228,"mean_test_score":0.9509831625,"std_test_score":0.0036440473,"rank_test_score":2}
{"mean_fit_time":0.3614911556,"std_fit_time":0.0151852557,"mean_score_time":0.0284468174,"std_score_time":0.0022891915,"param_n_estimators":100,"params":{"n_estimators":100},"split0_test_score":0.9475829836,"split1_test_score":0.9571600067,"split2_test_score":0.9511985213,"split3_test_score":0.9499939926,"split4_test_score":0.9488812224,"mean_test_score":0.9509633453,"std_test_score":0.0033213144,"rank_test_score":3}
{"mean_fit_time":0.6673737526,"std_fit_time":0.024426504,"mean_score_time":0.0491883755,"std_score_time":0.0072452103,"param_n_estimators":200,"params":{"n_estimators":200},"split0_test_score":0.9466600538,"split1_test_score":0.9568883621,"split2_test_score":0.9504295708,"split3_test_score":0.9506927579,"split4_test_score":0.9490895868,"mean_test_score":0.9507520663,"std_test_score":0.0033843774,"rank_test_score":4}
