{"mean_fit_time":0.0225334644,"std_fit_time":0.000704543,"mean_score_time":0.0006305218,"std_score_time":0.0005174839,"params":{},"split0_test_score":0.931683905,"split1_test_score":0.9500856239,"split2_test_score":0.9432808054,"split3_test_score":0.9388268822,"split4_test_score":0.9520036806,"mean_test_score":0.9431761794,"std_test_score":0.0074386142,"rank_test_score":1}
