{"mean_fit_time":0.0026269436,"std_fit_time":0.0024162054,"mean_score_time":0.5113997936,"std_score_time":0.0057426466,"param_n_neighbors":7,"param_weights":"distance","params":{"n_neighbors":7,"weights":"distance"},"split0_test_score":0.9001490914,"split1_test_score":0.9094929352,"split2_test_score":0.9075817466,"split3_test_score":0.8736145125,"split4_test_score":0.9076487075,"mean_test_score":0.8996973986,"std_test_score":0.0134302626,"rank_test_score":1}
{"mean_fit_time":0.0023894787,"std_fit_time":0.0034883744,"mean_score_time":0.5613302231,"std_score_time":0.0715468148,"param_n_neighbors":6,"param_weights":"distance","params":{"n_neighbors":6,"weights":"distance"},"split0_test_score":0.9008645154,"split1_test_score":0.9093905571,"split2_test_score":0.9068705673,"split3_test_score":0.8730560998,"split4_test_score":0.9076433467,"mean_test_score":0.8995650172,"std_test_score":0.0135615862,"rank_test_score":2}
{"mean_fit_time":0.0026958466,"std_fit_time":0.0020571333,"mean_score_time":0.5217262268,"std_score_time":0.0152307072,"param_n_neighbors":10,"param_weights":"distance","params":{"n_neighbors":10,"weights":"distance"},"split0_test_score":0.8974152936,"split1_test_score":0.9056385519,"split2_test_score":0.9074079738,"split3_test_score":0.8792304882,"split4_test_score":0.9044795069,"mean_test_score":0.8988343629,"std_test_score":0.0103730141,"rank_test_score":3}
{"mean_fit_time":0.0017736912,"std_fit_time":0.0011972938,"mean_score_time":0.532460022,"std_score_time":0.0283563172,"param_n_neighbors":5,"param_weights":"distance","params":{"n_neighbors":5,"weights":"distance"},"split0_test_score":0.9002370572,"split1_test_score":0.909477226,"split2_test_score":0.906651048,"split3_test_score":0.8740141151,"split4_test_score":0.9036268586,"mean_test_score":0.898801261,"std_test_score":0.0127698543,"rank_test_score":4}
{"mean_fit_time":0.0014017105,"std_fit_time":0.0012011021,"mean_score_time":0.5217995167,"std_score_time":0.0258330476,"param_n_neighbors":4,"param_weights":"distance","params":{"n_neighbors":4,"weights":"distance"},"split0_test_score":0.8988628403,"split1_test_score":0.9109098299,"split2_test_score":0.9049585944,"split3_test_score":0.8737549634,"split4_test_score":0.9047986862,"mean_test_score":0.8986569829,"std_test_score":0.0130208758,"rank_test_score":5}
