{"mean_fit_time":0.3026588917,"std_fit_time":0.0227542401,"mean_score_time":0.0005996227,"std_score_time":0.0004895902,"params":{},"split0_test_score":0.8294931039,"split1_test_score":0.8399848925,"split2_test_score":0.8159049123,"split3_test_score":0.818964533,"split4_test_score":0.8333257041,"mean_test_score":0.8275346291,"std_test_score":0.0089563173,"rank_test_score":1}
