{"mean_fit_time":0.0092051983,"std_fit_time":0.0010287988,"mean_score_time":0.0004000187,"std_score_time":0.0004899208,"params":{},"split0_test_score":0.8668632134,"split1_test_score":0.8421014542,"split2_test_score":0.7541467114,"split3_test_score":0.6896293529,"split4_test_score":0.7679745114,"mean_test_score":0.7841430486,"std_test_score":0.0637116048,"rank_test_score":1}
