{"mean_fit_time":0.041441679,"std_fit_time":0.0024332869,"mean_score_time":0.0006006241,"std_score_time":0.0004904099,"params":{},"split0_test_score":0.9237404058,"split1_test_score":0.9197942305,"split2_test_score":0.9205476508,"split3_test_score":0.9005643603,"split4_test_score":0.9184616366,"mean_test_score":0.9166216568,"std_test_score":0.0082143476,"rank_test_score":1}
