{"mean_fit_time":5.9263692856,"std_fit_time":0.0860502733,"mean_score_time":0.1070212364,"std_score_time":0.0008933213,"param_n_estimators":500,"params":{"n_estimators":500},"split0_test_score":0.9223443496,"split1_test_score":0.9188298061,"split2_test_score":0.9153382275,"split3_test_score":0.906207803,"split4_test_score":0.9254532903,"mean_test_score":0.9176346953,"std_test_score":0.006642096,"rank_test_score":1}
{"mean_fit_time":9.5679673672,"std_fit_time":0.1426335611,"mean_score_time":0.1635854244,"std_score_time":0.0014421178,"param_n_estimators":800,"params":{"n_estimators":800},"split0_test_score":0.9216400531,"split1_test_score":0.9187030439,"split2_test_score":0.9158460079,"split3_test_score":0.9063428522,"split4_test_score":0.9253006431,"mean_test_score":0.91756652,"std_test_score":0.0064285753,"rank_test_score":2}
{"mean_fit_time":2.3863099575,"std_fit_time":0.0444773374,"mean_score_time":0.048461628,"std_score_time":0.0002835764,"param_n_estimators":200,"params":{"n_estimators":200},"split0_test_score":0.9216665188,"split1_test_score":0.9185505055,"split2_test_score":0.9151776472,"split3_test_score":0.9063144602,"split4_test_score":0.9254506976,"mean_test_score":0.9174319659,"std_test_score":0.0065140389,"rank_test_score":3}
{"mean_fit_time":1.2706842899,"std_fit_time":0.1064658932,"mean_score_time":0.0297093868,"std_score_time":0.0015111449,"param_n_estimators":100,"params":{"n_estimators":100},"split0_test_score":0.9214812025,"split1_test_score":0.917845638,"split2_test_score":0.9151087983,"split3_test_score":0.9057028471,"split4_test_score":0.9244615506,"mean_test_score":0.9169200073,"std_test_score":0.0064442429,"rank_test_score":4}
