{"mean_fit_time":0.001829958,"std_fit_time":0.0021953621,"mean_score_time":0.0726174355,"std_score_time":0.0036459741,"param_n_neighbors":10,"param_weights":"distance","params":{"n_neighbors":10,"weights":"distance"},"split0_test_score":0.9115940955,"split1_test_score":0.9175758768,"split2_test_score":0.9060089769,"split3_test_score":0.897711528,"split4_test_score":0.9152917542,"mean_test_score":0.9096364463,"std_test_score":0.007130381,"rank_test_score":1}
{"mean_fit_time":0.0016943932,"std_fit_time":0.0003812749,"mean_score_time":0.0746708393,"std_score_time":0.0009566169,"param_n_neighbors":9,"param_weights":"distance","params":{"n_neighbors":9,"weights":"distance"},"split0_test_score":0.9103475709,"split1_test_score":0.9172573653,"split2_test_score":0.9051225003,"split3_test_score":0.8972802253,"split4_test_score":0.9148558563,"mean_test_score":0.9089727036,"std_test_score":0.0071648514,"rank_test_score":2}
{"mean_fit_time":0.0010589123,"std_fit_time":0.0008783762,"mean_score_time":0.0703045845,"std_score_time":0.0046052459,"param_n_neighbors":8,"param_weights":"distance","params":{"n_neighbors":8,"weights":"distance"},"split0_test_score":0.9092988137,"split1_test_score":0.916163159,"split2_test_score":0.9044520169,"split3_test_score":0.896418812,"split4_test_score":0.9135293612,"mean_test_score":0.9079724325,"std_test_score":0.0070086549,"rank_test_score":3}
{"mean_fit_time":0.0021678925,"std_fit_time":0.0024741306,"mean_score_time":0.0684250355,"std_score_time":0.0048435109,"param_n_neighbors":10,"param_weights":"uniform","params":{"n_neighbors":10,"weights":"uniform"},"split0_test_score":0.9062261741,"split1_test_score":0.9155081258,"split2_test_score":0.9043024637,"split3_test_score":0.8983606847,"split4_test_score":0.9120762768,"mean_test_score":0.907294745,"std_test_score":0.006003927,"rank_test_score":4}
{"mean_fit_time":0.0019976616,"std_fit_time":0.0021387209,"mean_score_time":0.0777567387,"std_score_time":0.0110859365,"param_n_neighbors":9,"param_weights":"uniform","params":{"n_neighbors":9,"weights":"uniform"},"split0_test_score":0.9056307267,"split1_test_score":0.9155547737,"split2_test_score":0.9041255202,"split3_test_score":0.8977340746,"split4_test_score":0.9120178143,"mean_test_score":0.9070125819,"std_test_score":0.0062346891,"rank_test_score":5}
