{"mean_fit_time":0.0262235165,"std_fit_time":0.0046292019,"mean_score_time":0.0015022755,"std_score_time":0.0030045509,"params":{},"split0_test_score":0.8871704929,"split1_test_score":0.8885044231,"split2_test_score":0.4369594704,"split3_test_score":0.90591078,"split4_test_score":0.8813267879,"mean_test_score":0.7999743909,"std_test_score":0.1816927573,"rank_test_score":1}
