{"mean_fit_time":9.8382866859,"std_fit_time":0.0958096745,"mean_score_time":0.1652856827,"std_score_time":0.0023090133,"param_n_estimators":800,"params":{"n_estimators":800},"split0_test_score":0.945187335,"split1_test_score":0.9155256813,"split2_test_score":0.8876201588,"split3_test_score":0.9265644098,"split4_test_score":0.9317047442,"mean_test_score":0.9213204658,"std_test_score":0.0193610426,"rank_test_score":1}
{"mean_fit_time":2.4267775536,"std_fit_time":0.0156888727,"mean_score_time":0.0494432926,"std_score_time":0.0010446134,"param_n_estimators":200,"params":{"n_estimators":200},"split0_test_score":0.9453970236,"split1_test_score":0.9145761286,"split2_test_score":0.8880366459,"split3_test_score":0.9266911408,"split4_test_score":0.931753691,"mean_test_score":0.921290926,"std_test_score":0.0193425508,"rank_test_score":2}
{"mean_fit_time":6.2671945095,"std_fit_time":0.2840880755,"mean_score_time":0.1072009563,"std_score_time":0.0003610452,"param_n_estimators":500,"params":{"n_estimators":500},"split0_test_score":0.9453144369,"split1_test_score":0.9136549627,"split2_test_score":0.8883111213,"split3_test_score":0.9268176611,"split4_test_score":0.9319835507,"mean_test_score":0.9212163465,"std_test_score":0.0193284957,"rank_test_score":3}
{"mean_fit_time":1.3093548775,"std_fit_time":0.0958933117,"mean_score_time":0.0340832233,"std_score_time":0.0046432847,"param_n_estimators":100,"params":{"n_estimators":100},"split0_test_score":0.9432890191,"split1_test_score":0.9175533544,"split2_test_score":0.8852520312,"split3_test_score":0.9240510338,"split4_test_score":0.9330960398,"mean_test_score":0.9206482956,"std_test_score":0.0197058444,"rank_test_score":4}
