{"mean_fit_time":0.0712589264,"std_fit_time":0.0113438686,"mean_score_time":0.0004003048,"std_score_time":0.0004902713,"params":{},"split0_test_score":0.9206640483,"split1_test_score":0.9058862549,"split2_test_score":0.8604166109,"split3_test_score":0.9354331833,"split4_test_score":0.8849407833,"mean_test_score":0.9014681761,"std_test_score":0.0264575447,"rank_test_score":1}
