{"mean_fit_time":15.4817858219,"std_fit_time":0.0315736936,"mean_score_time":0.1682720661,"std_score_time":0.0061259652,"param_n_estimators":800,"params":{"n_estimators":800},"split0_test_score":0.9279758971,"split1_test_score":0.8907751196,"split2_test_score":0.9286488966,"split3_test_score":0.8463219718,"split4_test_score":0.9213597108,"mean_test_score":0.9030163192,"std_test_score":0.0315613231,"rank_test_score":1}
{"mean_fit_time":9.7928700924,"std_fit_time":0.1285084169,"mean_score_time":0.1124790668,"std_score_time":0.0064211956,"param_n_estimators":500,"params":{"n_estimators":500},"split0_test_score":0.927721,"split1_test_score":0.8901589394,"split2_test_score":0.9289151191,"split3_test_score":0.8465718113,"split4_test_score":0.921202981,"mean_test_score":0.9029139701,"std_test_score":0.0315057648,"rank_test_score":2}
{"mean_fit_time":4.0093743801,"std_fit_time":0.0613575015,"mean_score_time":0.0523765087,"std_score_time":0.0022877764,"param_n_estimators":200,"params":{"n_estimators":200},"split0_test_score":0.927645305,"split1_test_score":0.8898092542,"split2_test_score":0.9282968013,"split3_test_score":0.8454074686,"split4_test_score":0.9220645284,"mean_test_score":0.9026446715,"std_test_score":0.0319406938,"rank_test_score":3}
{"mean_fit_time":2.1252024651,"std_fit_time":0.14076907,"mean_score_time":0.0309532166,"std_score_time":0.0020885996,"param_n_estimators":100,"params":{"n_estimators":100},"split0_test_score":0.9276019845,"split1_test_score":0.8895336216,"split2_test_score":0.9287151928,"split3_test_score":0.8452513317,"split4_test_score":0.9190310891,"mean_test_score":0.9020266439,"std_test_score":0.0317333879,"rank_test_score":4}
