{"mean_fit_time":0.0855298042,"std_fit_time":0.0093649572,"mean_score_time":0.0004006386,"std_score_time":0.0004906812,"params":{},"split0_test_score":0.9096087772,"split1_test_score":0.8836756788,"split2_test_score":0.9131635318,"split3_test_score":0.8300638831,"split4_test_score":0.9065459487,"mean_test_score":0.8886115639,"std_test_score":0.0310403548,"rank_test_score":1}
