{"mean_fit_time":0.0016258717,"std_fit_time":0.0004524158,"mean_score_time":0.1574836254,"std_score_time":0.0069439779,"param_n_neighbors":6,"param_weights":"uniform","params":{"n_neighbors":6,"weights":"uniform"},"split0_test_score":0.9149848253,"split1_test_score":0.8935000897,"split2_test_score":0.9227328992,"split3_test_score":0.8555124259,"split4_test_score":0.9109325221,"mean_test_score":0.8995325524,"std_test_score":0.0240047924,"rank_test_score":1}
{"mean_fit_time":0.0021680832,"std_fit_time":0.002927375,"mean_score_time":0.1581562042,"std_score_time":0.0060899092,"param_n_neighbors":7,"param_weights":"uniform","params":{"n_neighbors":7,"weights":"uniform"},"split0_test_score":0.9148560026,"split1_test_score":0.8930532057,"split2_test_score":0.9228915369,"split3_test_score":0.8543331131,"split4_test_score":0.9100856415,"mean_test_score":0.8990438999,"std_test_score":0.0243950623,"rank_test_score":2}
{"mean_fit_time":0.001055336,"std_fit_time":0.0009968054,"mean_score_time":0.1602957249,"std_score_time":0.0032590275,"param_n_neighbors":8,"param_weights":"uniform","params":{"n_neighbors":8,"weights":"uniform"},"split0_test_score":0.9156378537,"split1_test_score":0.8923776188,"split2_test_score":0.9232568978,"split3_test_score":0.8533017248,"split4_test_score":0.9101079691,"mean_test_score":0.8989364128,"std_test_score":0.0249830756,"rank_test_score":3}
{"mean_fit_time":0.0011875153,"std_fit_time":0.0007349307,"mean_score_time":0.1615155697,"std_score_time":0.0040656009,"param_n_neighbors":10,"param_weights":"uniform","params":{"n_neighbors":10,"weights":"uniform"},"split0_test_score":0.9156718968,"split1_test_score":0.8917569863,"split2_test_score":0.9220256787,"split3_test_score":0.8547785422,"split4_test_score":0.9088214166,"mean_test_score":0.8986109041,"std_test_score":0.0241322848,"rank_test_score":4}
{"mean_fit_time":0.0031924725,"std_fit_time":0.0027735932,"mean_score_time":0.1533468246,"std_score_time":0.0038429836,"param_n_neighbors":5,"param_weights":"uniform","params":{"n_neighbors":5,"weights":"uniform"},"split0_test_score":0.9151381506,"split1_test_score":0.8918765712,"split2_test_score":0.918167173,"split3_test_score":0.8565366213,"split4_test_score":0.9112674209,"mean_test_score":0.8985971874,"std_test_score":0.0229407084,"rank_test_score":5}
