{"mean_fit_time":0.4778300285,"std_fit_time":0.0487338482,"mean_score_time":0.0009438515,"std_score_time":0.0005145853,"params":{},"split0_test_score":0.9111356966,"split1_test_score":0.9105441564,"split2_test_score":0.9070536449,"split3_test_score":0.8993257262,"split4_test_score":0.9069721968,"mean_test_score":0.9070062842,"std_test_score":0.0042086331,"rank_test_score":1}
