{"mean_fit_time":2.5578012943,"std_fit_time":0.1075601881,"mean_score_time":0.0869998932,"std_score_time":0.0020252968,"param_n_estimators":500,"params":{"n_estimators":500},"split0_test_score":0.9788885332,"split1_test_score":0.9077696254,"split2_test_score":0.9370748251,"split3_test_score":0.968019658,"split4_test_score":0.9405882384,"mean_test_score":0.946468176,"std_test_score":0.0250436916,"rank_test_score":1}
{"mean_fit_time":0.5393891335,"std_fit_time":0.0383934322,"mean_score_time":0.0274661541,"std_score_time":0.0004855625,"param_n_estimators":100,"params":{"n_estimators":100},"split0_test_score":0.9651193997,"split1_test_score":0.915021771,"split2_test_score":0.9353367252,"split3_test_score":0.9666833739,"split4_test_score":0.9425158988,"mean_test_score":0.9449354337,"std_test_score":0.0193555261,"rank_test_score":2}
{"mean_fit_time":3.989080286,"std_fit_time":0.0574494421,"mean_score_time":0.1322444439,"std_score_time":0.0014066704,"param_n_estimators":800,"params":{"n_estimators":800},"split0_test_score":0.9682352955,"split1_test_score":0.9033565311,"split2_test_score":0.9372289612,"split3_test_score":0.9678416528,"split4_test_score":0.9424638833,"mean_test_score":0.9438252648,"std_test_score":0.023898617,"rank_test_score":3}
{"mean_fit_time":1.0150441647,"std_fit_time":0.0226748443,"mean_score_time":0.0455147743,"std_score_time":0.0031574942,"param_n_estimators":200,"params":{"n_estimators":200},"split0_test_score":0.9517678783,"split1_test_score":0.9121393969,"split2_test_score":0.9361435329,"split3_test_score":0.9664699245,"split4_test_score":0.9402637767,"mean_test_score":0.9413569019,"std_test_score":0.0180060494,"rank_test_score":4}
