{"mean_fit_time":0.0290110588,"std_fit_time":0.0010561391,"mean_score_time":0.0009020805,"std_score_time":0.0001966515,"params":{},"split0_test_score":0.969731067,"split1_test_score":0.9751523109,"split2_test_score":0.9134338034,"split3_test_score":0.9115758467,"split4_test_score":0.9322835906,"mean_test_score":0.9404353237,"std_test_score":0.0271731928,"rank_test_score":1}
