{"mean_fit_time":0.6985406399,"std_fit_time":0.0822701869,"mean_score_time":0.0010004997,"std_score_time":0.0000007168,"params":{},"split0_test_score":0.9073695357,"split1_test_score":0.9038654995,"split2_test_score":0.8909360208,"split3_test_score":0.8901349409,"split4_test_score":0.8707164511,"mean_test_score":0.8926044896,"std_test_score":0.0129057012,"rank_test_score":1}
