{"mean_fit_time":5.0369447708,"std_fit_time":0.0897249786,"mean_score_time":0.1939774036,"std_score_time":0.0122603856,"param_n_estimators":800,"params":{"n_estimators":800},"split0_test_score":0.9395183861,"split1_test_score":0.9251997278,"split2_test_score":0.9212180706,"split3_test_score":0.9254591432,"split4_test_score":0.9296611272,"mean_test_score":0.9282112909,"std_test_score":0.0062530215,"rank_test_score":1}
{"mean_fit_time":3.13639431,"std_fit_time":0.0386647573,"mean_score_time":0.1164563179,"std_score_time":0.0023594024,"param_n_estimators":500,"params":{"n_estimators":500},"split0_test_score":0.9393027077,"split1_test_score":0.9241591328,"split2_test_score":0.9212686296,"split3_test_score":0.9248045509,"split4_test_score":0.9291517186,"mean_test_score":0.9277373479,"std_test_score":0.0063088387,"rank_test_score":2}
{"mean_fit_time":0.6412412643,"std_fit_time":0.0184811593,"mean_score_time":0.0325043201,"std_score_time":0.0018604513,"param_n_estimators":100,"params":{"n_estimators":100},"split0_test_score":0.9388367635,"split1_test_score":0.9250006106,"split2_test_score":0.9206513761,"split3_test_score":0.9250452075,"split4_test_score":0.9286536373,"mean_test_score":0.927637519,"std_test_score":0.0061471153,"rank_test_score":3}
{"mean_fit_time":1.2386492729,"std_fit_time":0.03098965,"mean_score_time":0.0542530537,"std_score_time":0.0024360159,"param_n_estimators":200,"params":{"n_estimators":200},"split0_test_score":0.938605221,"split1_test_score":0.923900409,"split2_test_score":0.9209306547,"split3_test_score":0.9241276786,"split4_test_score":0.9284955016,"mean_test_score":0.927211893,"std_test_score":0.0061868867,"rank_test_score":4}
