{"mean_fit_time":0.0333541393,"std_fit_time":0.0031009335,"mean_score_time":0.0006027699,"std_score_time":0.0004921677,"params":{},"split0_test_score":0.9140669665,"split1_test_score":0.8901722003,"split2_test_score":0.8029594972,"split3_test_score":0.9045973554,"split4_test_score":0.8896895271,"mean_test_score":0.8802971093,"std_test_score":0.0397435438,"rank_test_score":1}
