{"mean_fit_time":0.000573349,"std_fit_time":0.0004705992,"mean_score_time":0.0641612053,"std_score_time":0.0032852824,"param_n_neighbors":10,"param_weights":"distance","params":{"n_neighbors":10,"weights":"distance"},"split0_test_score":0.9247431686,"split1_test_score":0.9208976477,"split2_test_score":0.9074526652,"split3_test_score":0.9125885376,"split4_test_score":0.9141458674,"mean_test_score":0.9159655773,"std_test_score":0.0061409582,"rank_test_score":1}
{"mean_fit_time":0.000799799,"std_fit_time":0.0007484942,"mean_score_time":0.0628516674,"std_score_time":0.0030586238,"param_n_neighbors":9,"param_weights":"distance","params":{"n_neighbors":9,"weights":"distance"},"split0_test_score":0.9243106412,"split1_test_score":0.9206264927,"split2_test_score":0.9073387774,"split3_test_score":0.9119867749,"split4_test_score":0.9153028628,"mean_test_score":0.9159131098,"std_test_score":0.0060339406,"rank_test_score":2}
{"mean_fit_time":0.0018288612,"std_fit_time":0.00219242,"mean_score_time":0.063496542,"std_score_time":0.0030557807,"param_n_neighbors":8,"param_weights":"distance","params":{"n_neighbors":8,"weights":"distance"},"split0_test_score":0.9244615308,"split1_test_score":0.9203434905,"split2_test_score":0.9069084537,"split3_test_score":0.9121685761,"split4_test_score":0.9152414255,"mean_test_score":0.9158246953,"std_test_score":0.0061354904,"rank_test_score":3}
{"mean_fit_time":0.0018279076,"std_fit_time":0.002278586,"mean_score_time":0.0628873825,"std_score_time":0.0018731805,"param_n_neighbors":7,"param_weights":"distance","params":{"n_neighbors":7,"weights":"distance"},"split0_test_score":0.9230976862,"split1_test_score":0.9204307376,"split2_test_score":0.9053924733,"split3_test_score":0.9094374155,"split4_test_score":0.9164111911,"mean_test_score":0.9149539008,"std_test_score":0.006637668,"rank_test_score":4}
{"mean_fit_time":0.0005992889,"std_fit_time":0.0004893225,"mean_score_time":0.0626678467,"std_score_time":0.0017244663,"param_n_neighbors":6,"param_weights":"distance","params":{"n_neighbors":6,"weights":"distance"},"split0_test_score":0.9227319511,"split1_test_score":0.9201437297,"split2_test_score":0.9043871188,"split3_test_score":0.9087396426,"split4_test_score":0.9151951937,"mean_test_score":0.9142395272,"std_test_score":0.0068587587,"rank_test_score":5}
