{"mean_fit_time":2.9674685478,"std_fit_time":0.0790255186,"mean_score_time":0.112140131,"std_score_time":0.0030114599,"param_n_estimators":500,"params":{"n_estimators":500},"split0_test_score":0.7883250438,"split1_test_score":0.3944586658,"split2_test_score":0.8714218031,"split3_test_score":0.9290981682,"split4_test_score":0.9008650626,"mean_test_score":0.7768337487,"std_test_score":0.1969049894,"rank_test_score":1}
{"mean_fit_time":4.6694199085,"std_fit_time":0.1063402935,"mean_score_time":0.1719399929,"std_score_time":0.0023051917,"param_n_estimators":800,"params":{"n_estimators":800},"split0_test_score":0.7408023659,"split1_test_score":0.3947328476,"split2_test_score":0.8612059485,"split3_test_score":0.9263577064,"split4_test_score":0.8974188028,"mean_test_score":0.7641035342,"std_test_score":0.195195238,"rank_test_score":2}
{"mean_fit_time":0.6254053116,"std_fit_time":0.0409527933,"mean_score_time":0.0322707653,"std_score_time":0.0050115194,"param_n_estimators":100,"params":{"n_estimators":100},"split0_test_score":0.727359866,"split1_test_score":0.3962256564,"split2_test_score":0.8637735523,"split3_test_score":0.9212423674,"split4_test_score":0.9082573556,"mean_test_score":0.7633717595,"std_test_score":0.1960043889,"rank_test_score":3}
{"mean_fit_time":1.1718876839,"std_fit_time":0.0480993041,"mean_score_time":0.0509189606,"std_score_time":0.0015763129,"param_n_estimators":200,"params":{"n_estimators":200},"split0_test_score":0.6684159875,"split1_test_score":0.3955040353,"split2_test_score":0.8518880382,"split3_test_score":0.9274986927,"split4_test_score":0.898836335,"mean_test_score":0.7484286178,"std_test_score":0.1981667009,"rank_test_score":4}
