{"mean_fit_time":0.0301843643,"std_fit_time":0.009295437,"mean_score_time":0.0,"std_score_time":0.0,"params":{},"split0_test_score":0.9244084657,"split1_test_score":0.370216435,"split2_test_score":0.91127651,"split3_test_score":0.9075148706,"split4_test_score":0.8970636725,"mean_test_score":0.8020959908,"std_test_score":0.2161169493,"rank_test_score":1}
