{"mean_fit_time":0.0086339474,"std_fit_time":0.0005464432,"mean_score_time":0.0005370617,"std_score_time":0.000489115,"params":{},"split0_test_score":0.544822843,"split1_test_score":0.8092444739,"split2_test_score":0.6766921174,"split3_test_score":0.6466062121,"split4_test_score":0.4732522312,"mean_test_score":0.6301235755,"std_test_score":0.1152470705,"rank_test_score":1}
