{"mean_fit_time":0.0023926735,"std_fit_time":0.0020492998,"mean_score_time":0.0125033855,"std_score_time":0.0024226431,"param_n_neighbors":6,"param_weights":"distance","params":{"n_neighbors":6,"weights":"distance"},"split0_test_score":0.8179916535,"split1_test_score":0.899188532,"split2_test_score":0.8648812833,"split3_test_score":0.8994623654,"split4_test_score":0.9077742346,"mean_test_score":0.8778596137,"std_test_score":0.0333739296,"rank_test_score":1}
{"mean_fit_time":0.0008024693,"std_fit_time":0.0007489679,"mean_score_time":0.0131440163,"std_score_time":0.0024405516,"param_n_neighbors":3,"param_weights":"distance","params":{"n_neighbors":3,"weights":"distance"},"split0_test_score":0.7834582876,"split1_test_score":0.9012858181,"split2_test_score":0.8944631038,"split3_test_score":0.9125148848,"split4_test_score":0.8935287936,"mean_test_score":0.8770501776,"std_test_score":0.0472848991,"rank_test_score":2}
{"mean_fit_time":0.0006017208,"std_fit_time":0.0005842663,"mean_score_time":0.0133041859,"std_score_time":0.003286321,"param_n_neighbors":4,"param_weights":"distance","params":{"n_neighbors":4,"weights":"distance"},"split0_test_score":0.7928796256,"split1_test_score":0.9029009023,"split2_test_score":0.8816661733,"split3_test_score":0.9070007192,"split4_test_score":0.8927077606,"mean_test_score":0.8754310362,"std_test_score":0.0421979525,"rank_test_score":3}
{"mean_fit_time":0.0006236553,"std_fit_time":0.0005109172,"mean_score_time":0.0170974731,"std_score_time":0.0017985139,"param_n_neighbors":5,"param_weights":"distance","params":{"n_neighbors":5,"weights":"distance"},"split0_test_score":0.8036320225,"split1_test_score":0.8948614087,"split2_test_score":0.8762916596,"split3_test_score":0.9025886626,"split4_test_score":0.8980277889,"mean_test_score":0.8750803085,"std_test_score":0.0368263853,"rank_test_score":4}
{"mean_fit_time":0.0004058361,"std_fit_time":0.0004971187,"mean_score_time":0.0155008793,"std_score_time":0.0033627674,"param_n_neighbors":8,"param_weights":"distance","params":{"n_neighbors":8,"weights":"distance"},"split0_test_score":0.8192935369,"split1_test_score":0.9026364303,"split2_test_score":0.8631996593,"split3_test_score":0.878321736,"split4_test_score":0.8863503449,"mean_test_score":0.8699603415,"std_test_score":0.028351733,"rank_test_score":5}
