{"mean_fit_time":0.0218826294,"std_fit_time":0.0017305426,"mean_score_time":0.0001992702,"std_score_time":0.0003985405,"params":{},"split0_test_score":0.9539135102,"split1_test_score":0.9428026263,"split2_test_score":0.9504984493,"split3_test_score":0.9389918797,"split4_test_score":0.9241481516,"mean_test_score":0.9420709234,"std_test_score":0.0104164457,"rank_test_score":1}
