{"mean_fit_time":1.6345674992,"std_fit_time":0.1824626501,"mean_score_time":0.1068380833,"std_score_time":0.0242313265,"param_n_estimators":500,"params":{"n_estimators":500},"split0_test_score":0.9561131787,"split1_test_score":0.9534861219,"split2_test_score":0.9555142961,"split3_test_score":0.9539569701,"split4_test_score":0.9406361917,"mean_test_score":0.9519413517,"std_test_score":0.0057345575,"rank_test_score":1}
{"mean_fit_time":0.3113479614,"std_fit_time":0.0056152986,"mean_score_time":0.0263112068,"std_score_time":0.0003762941,"param_n_estimators":100,"params":{"n_estimators":100},"split0_test_score":0.9554999953,"split1_test_score":0.9540607081,"split2_test_score":0.9557877498,"split3_test_score":0.9536750281,"split4_test_score":0.9405026724,"mean_test_score":0.9519052307,"std_test_score":0.0057583485,"rank_test_score":2}
{"mean_fit_time":2.4362903595,"std_fit_time":0.1023235541,"mean_score_time":0.1568283558,"std_score_time":0.0411676774,"param_n_estimators":800,"params":{"n_estimators":800},"split0_test_score":0.9558295442,"split1_test_score":0.9534969703,"split2_test_score":0.9554143243,"split3_test_score":0.9538654138,"split4_test_score":0.9405324217,"mean_test_score":0.9518277349,"std_test_score":0.0057166543,"rank_test_score":3}
{"mean_fit_time":0.5853498936,"std_fit_time":0.0069396724,"mean_score_time":0.0459018707,"std_score_time":0.0047529278,"param_n_estimators":200,"params":{"n_estimators":200},"split0_test_score":0.9552528951,"split1_test_score":0.9534757588,"split2_test_score":0.9552439514,"split3_test_score":0.9536447617,"split4_test_score":0.9402786686,"mean_test_score":0.9515792071,"std_test_score":0.0057007356,"rank_test_score":4}
