{"mean_fit_time":0.0004031658,"std_fit_time":0.0004938112,"mean_score_time":0.0307148457,"std_score_time":0.000724942,"param_n_neighbors":7,"param_weights":"uniform","params":{"n_neighbors":7,"weights":"uniform"},"split0_test_score":0.9570840215,"split1_test_score":0.9533025932,"split2_test_score":0.9554392181,"split3_test_score":0.9480855019,"split4_test_score":0.9360934793,"mean_test_score":0.9500009628,"std_test_score":0.0075859369,"rank_test_score":1}
{"mean_fit_time":0.000595808,"std_fit_time":0.0004865263,"mean_score_time":0.0309514523,"std_score_time":0.0016821015,"param_n_neighbors":8,"param_weights":"uniform","params":{"n_neighbors":8,"weights":"uniform"},"split0_test_score":0.9568272416,"split1_test_score":0.9523945125,"split2_test_score":0.9541566687,"split3_test_score":0.9486467186,"split4_test_score":0.9370207735,"mean_test_score":0.949809183,"std_test_score":0.0069243404,"rank_test_score":2}
{"mean_fit_time":0.0017760277,"std_fit_time":0.0026375613,"mean_score_time":0.0275858402,"std_score_time":0.0049768284,"param_n_neighbors":6,"param_weights":"uniform","params":{"n_neighbors":6,"weights":"uniform"},"split0_test_score":0.955408922,"split1_test_score":0.9530523226,"split2_test_score":0.955652788,"split3_test_score":0.9489316298,"split4_test_score":0.9359535445,"mean_test_score":0.9497998414,"std_test_score":0.0073317274,"rank_test_score":3}
{"mean_fit_time":0.000599575,"std_fit_time":0.0004895516,"mean_score_time":0.0325304031,"std_score_time":0.0045560677,"param_n_neighbors":10,"param_weights":"distance","params":{"n_neighbors":10,"weights":"distance"},"split0_test_score":0.9552268316,"split1_test_score":0.951578556,"split2_test_score":0.9551479844,"split3_test_score":0.9496264596,"split4_test_score":0.9366798158,"mean_test_score":0.9496519295,"std_test_score":0.0068304381,"rank_test_score":4}
{"mean_fit_time":0.0005998135,"std_fit_time":0.0004897457,"mean_score_time":0.0331549644,"std_score_time":0.0015467805,"param_n_neighbors":9,"param_weights":"distance","params":{"n_neighbors":9,"weights":"distance"},"split0_test_score":0.9556000908,"split1_test_score":0.9514540325,"split2_test_score":0.9548713076,"split3_test_score":0.9494758155,"split4_test_score":0.9362955462,"mean_test_score":0.9495393585,"std_test_score":0.0069890019,"rank_test_score":5}
