{"mean_fit_time":0.0029528618,"std_fit_time":0.0038870368,"mean_score_time":0.0014215946,"std_score_time":0.0000517988,"params":{},"split0_test_score":0.895138911,"split1_test_score":0.8857511341,"split2_test_score":0.8247961285,"split3_test_score":0.8204784976,"split4_test_score":0.8679799881,"mean_test_score":0.8588289319,"std_test_score":0.0308413648,"rank_test_score":1}
