{"mean_fit_time":0.000200367,"std_fit_time":0.0004007339,"mean_score_time":0.0095235825,"std_score_time":0.0027602944,"param_n_neighbors":5,"param_weights":"uniform","params":{"n_neighbors":5,"weights":"uniform"},"split0_test_score":0.881866383,"split1_test_score":0.8652875606,"split2_test_score":0.7294872932,"split3_test_score":0.827279572,"split4_test_score":0.8543220132,"mean_test_score":0.8316485644,"std_test_score":0.0540805142,"rank_test_score":1}
{"mean_fit_time":0.0012012005,"std_fit_time":0.002402401,"mean_score_time":0.0083285809,"std_score_time":0.0032702247,"param_n_neighbors":4,"param_weights":"uniform","params":{"n_neighbors":4,"weights":"uniform"},"split0_test_score":0.8883390531,"split1_test_score":0.8675429247,"split2_test_score":0.729639088,"split3_test_score":0.828072192,"split4_test_score":0.8415896963,"mean_test_score":0.8310365908,"std_test_score":0.0548049156,"rank_test_score":2}
{"mean_fit_time":0.0027291298,"std_fit_time":0.0027396096,"mean_score_time":0.0091673374,"std_score_time":0.002207232,"param_n_neighbors":7,"param_weights":"distance","params":{"n_neighbors":7,"weights":"distance"},"split0_test_score":0.8716741313,"split1_test_score":0.841265131,"split2_test_score":0.745525612,"split3_test_score":0.8147099521,"split4_test_score":0.8657924287,"mean_test_score":0.827793451,"std_test_score":0.0458041436,"rank_test_score":3}
{"mean_fit_time":0.0,"std_fit_time":0.0,"mean_score_time":0.0110028267,"std_score_time":0.0024524091,"param_n_neighbors":8,"param_weights":"distance","params":{"n_neighbors":8,"weights":"distance"},"split0_test_score":0.8655286371,"split1_test_score":0.8439601589,"split2_test_score":0.7420985647,"split3_test_score":0.8181188973,"split4_test_score":0.8651309395,"mean_test_score":0.8269674395,"std_test_score":0.0458545392,"rank_test_score":4}
{"mean_fit_time":0.0002783775,"std_fit_time":0.0003912642,"mean_score_time":0.0115314484,"std_score_time":0.0015092149,"param_n_neighbors":9,"param_weights":"distance","params":{"n_neighbors":9,"weights":"distance"},"split0_test_score":0.8593252905,"split1_test_score":0.8452833055,"split2_test_score":0.7358931248,"split3_test_score":0.8169203222,"split4_test_score":0.8703894606,"mean_test_score":0.8255623007,"std_test_score":0.0482774827,"rank_test_score":5}
