{"mean_fit_time":0.0973293304,"std_fit_time":0.0085207037,"mean_score_time":0.0002010345,"std_score_time":0.0004020691,"params":{},"split0_test_score":0.9176018501,"split1_test_score":0.9321590345,"split2_test_score":0.9123855434,"split3_test_score":0.9121901472,"split4_test_score":0.9177482501,"mean_test_score":0.918416965,"std_test_score":0.0072815846,"rank_test_score":1}
