{"mean_fit_time":7.7519247532,"std_fit_time":0.0999543109,"mean_score_time":0.1081772327,"std_score_time":0.0005485009,"param_n_estimators":500,"params":{"n_estimators":500},"split0_test_score":0.9301559624,"split1_test_score":0.9409844049,"split2_test_score":0.9400663137,"split3_test_score":0.919928612,"split4_test_score":0.9269224146,"mean_test_score":0.9316115415,"std_test_score":0.00799914,"rank_test_score":1}
{"mean_fit_time":12.5315585613,"std_fit_time":0.1449636596,"mean_score_time":0.1676381588,"std_score_time":0.0018673134,"param_n_estimators":800,"params":{"n_estimators":800},"split0_test_score":0.9307825704,"split1_test_score":0.9404161243,"split2_test_score":0.9403509959,"split3_test_score":0.9201504668,"split4_test_score":0.9261601224,"mean_test_score":0.931572056,"std_test_score":0.0079454684,"rank_test_score":2}
{"mean_fit_time":3.1648917198,"std_fit_time":0.0576783442,"mean_score_time":0.0511286736,"std_score_time":0.0016840965,"param_n_estimators":200,"params":{"n_estimators":200},"split0_test_score":0.9291127162,"split1_test_score":0.9397332757,"split2_test_score":0.9398584982,"split3_test_score":0.9209659788,"split4_test_score":0.9267449291,"mean_test_score":0.9312830796,"std_test_score":0.0074389713,"rank_test_score":3}
{"mean_fit_time":1.6528565407,"std_fit_time":0.094385476,"mean_score_time":0.0344922066,"std_score_time":0.0042059718,"param_n_estimators":100,"params":{"n_estimators":100},"split0_test_score":0.930206869,"split1_test_score":0.9401081724,"split2_test_score":0.9393196352,"split3_test_score":0.9192915515,"split4_test_score":0.9241264998,"mean_test_score":0.9306105456,"std_test_score":0.0082021776,"rank_test_score":4}
