{"mean_fit_time":0.4007418156,"std_fit_time":0.0378128416,"mean_score_time":0.000301218,"std_score_time":0.0006024361,"params":{},"split0_test_score":0.9015172267,"split1_test_score":0.9074722408,"split2_test_score":0.9123798098,"split3_test_score":0.9176989402,"split4_test_score":0.9228263837,"mean_test_score":0.9123789202,"std_test_score":0.0074766837,"rank_test_score":1}
