{"mean_fit_time":0.0332762241,"std_fit_time":0.0019737303,"mean_score_time":0.0004013062,"std_score_time":0.0004915029,"params":{},"split0_test_score":0.9034157949,"split1_test_score":0.8784247686,"split2_test_score":0.9222144744,"split3_test_score":0.9165891226,"split4_test_score":0.911922155,"mean_test_score":0.9065132631,"std_test_score":0.0153353508,"rank_test_score":1}
