{"mean_fit_time":3.0225852489,"std_fit_time":0.2076594347,"mean_score_time":0.1055995464,"std_score_time":0.0007647679,"param_n_estimators":500,"params":{"n_estimators":500},"split0_test_score":0.9204574604,"split1_test_score":0.9328219228,"split2_test_score":0.9392348451,"split3_test_score":0.9247658579,"split4_test_score":0.9306238929,"mean_test_score":0.9295807958,"std_test_score":0.0064994231,"rank_test_score":1}
{"mean_fit_time":4.6136377335,"std_fit_time":0.1532652319,"mean_score_time":0.1576553345,"std_score_time":0.0015564482,"param_n_estimators":800,"params":{"n_estimators":800},"split0_test_score":0.9207511789,"split1_test_score":0.9327868507,"split2_test_score":0.9392549793,"split3_test_score":0.9244377792,"split4_test_score":0.9304093636,"mean_test_score":0.9295280303,"std_test_score":0.00646458,"rank_test_score":2}
{"mean_fit_time":4.2734503269,"std_fit_time":0.3386453888,"mean_score_time":0.1351236343,"std_score_time":0.0017765988,"param_n_estimators":675,"params":{"n_estimators":675},"split0_test_score":0.9199818653,"split1_test_score":0.9326945567,"split2_test_score":0.9395428851,"split3_test_score":0.924736275,"split4_test_score":0.9301183009,"mean_test_score":0.9294147766,"std_test_score":0.0067037106,"rank_test_score":3}
{"mean_fit_time":0.9839327335,"std_fit_time":0.1679273189,"mean_score_time":0.0366516113,"std_score_time":0.001846938,"param_n_estimators":150,"params":{"n_estimators":150},"split0_test_score":0.9202724395,"split1_test_score":0.9325271299,"split2_test_score":0.9390736395,"split3_test_score":0.923903035,"split4_test_score":0.9297568393,"mean_test_score":0.9291066166,"std_test_score":0.0065815529,"rank_test_score":4}
{"mean_fit_time":1.172817421,"std_fit_time":0.0087595687,"mean_score_time":0.0466704369,"std_score_time":0.0019514728,"param_n_estimators":200,"params":{"n_estimators":200},"split0_test_score":0.9197789438,"split1_test_score":0.9325464947,"split2_test_score":0.9385573957,"split3_test_score":0.9242327523,"split4_test_score":0.9302091679,"mean_test_score":0.9290649509,"std_test_score":0.0065286593,"rank_test_score":5}
