{"mean_fit_time":0.101268959,"std_fit_time":0.0007387737,"mean_score_time":0.0214261055,"std_score_time":0.0005728101,"param_min_samples_leaf":3,"params":{"min_samples_leaf":3},"split0_test_score":0.6067353995,"split1_test_score":0.8605100315,"split2_test_score":0.8520936681,"split3_test_score":0.8547268788,"split4_test_score":0.8445943166,"mean_test_score":0.8037320589,"std_test_score":0.0986310934,"rank_test_score":1}
{"mean_fit_time":0.1003294468,"std_fit_time":0.0011155577,"mean_score_time":0.0212502956,"std_score_time":0.0007749016,"param_min_samples_leaf":4,"params":{"min_samples_leaf":4},"split0_test_score":0.5878751666,"split1_test_score":0.8508254844,"split2_test_score":0.8602625276,"split3_test_score":0.8635299413,"split4_test_score":0.8541302787,"mean_test_score":0.8033246797,"std_test_score":0.1078170859,"rank_test_score":2}
{"mean_fit_time":0.100480938,"std_fit_time":0.000592174,"mean_score_time":0.0203925133,"std_score_time":0.00030485,"param_min_samples_leaf":5,"params":{"min_samples_leaf":5},"split0_test_score":0.5920110966,"split1_test_score":0.8363150979,"split2_test_score":0.8631512194,"split3_test_score":0.8651077386,"split4_test_score":0.853160083,"mean_test_score":0.8019490471,"std_test_score":0.1054630408,"rank_test_score":3}
{"mean_fit_time":0.1036712646,"std_fit_time":0.002959788,"mean_score_time":0.0368947029,"std_score_time":0.0294067136,"param_min_samples_leaf":2,"params":{"min_samples_leaf":2},"split0_test_score":0.5646407038,"split1_test_score":0.878067795,"split2_test_score":0.8296061364,"split3_test_score":0.8475065911,"split4_test_score":0.8321538474,"mean_test_score":0.7903950147,"std_test_score":0.1141880638,"rank_test_score":4}
{"mean_fit_time":0.1029409409,"std_fit_time":0.0014403457,"mean_score_time":0.0221206665,"std_score_time":0.0008189033,"param_min_samples_leaf":1,"params":{"min_samples_leaf":1},"split0_test_score":0.5426428633,"split1_test_score":0.8769750989,"split2_test_score":0.831333082,"split3_test_score":0.8755692648,"split4_test_score":0.7899096379,"mean_test_score":0.7832859894,"std_test_score":0.124543456,"rank_test_score":5}
