{"mean_fit_time":0.1510078907,"std_fit_time":0.0009154503,"mean_score_time":0.0227640152,"std_score_time":0.0008553276,"param_min_samples_leaf":2,"params":{"min_samples_leaf":2},"split0_test_score":0.8854749639,"split1_test_score":0.9553112311,"split2_test_score":0.8936268142,"split3_test_score":0.9412492612,"split4_test_score":0.9083498782,"mean_test_score":0.9168024297,"std_test_score":0.0270944284,"rank_test_score":1}
{"mean_fit_time":0.1921051502,"std_fit_time":0.0018403598,"mean_score_time":0.022851181,"std_score_time":0.0005734145,"param_min_samples_leaf":1,"params":{"min_samples_leaf":1},"split0_test_score":0.8786733752,"split1_test_score":0.9532070603,"split2_test_score":0.8936195494,"split3_test_score":0.9417615667,"split4_test_score":0.9018397505,"mean_test_score":0.9138202604,"std_test_score":0.0287017125,"rank_test_score":2}
{"mean_fit_time":0.1395608902,"std_fit_time":0.003068355,"mean_score_time":0.0228984833,"std_score_time":0.0011079851,"param_min_samples_leaf":3,"params":{"min_samples_leaf":3},"split0_test_score":0.8891903305,"split1_test_score":0.9520230194,"split2_test_score":0.8863338792,"split3_test_score":0.9384955989,"split4_test_score":0.9027097121,"mean_test_score":0.913750508,"std_test_score":0.0266603739,"rank_test_score":3}
{"mean_fit_time":0.1296140671,"std_fit_time":0.0021426934,"mean_score_time":0.0358337402,"std_score_time":0.0269268062,"param_min_samples_leaf":4,"params":{"min_samples_leaf":4},"split0_test_score":0.8726317243,"split1_test_score":0.9538320098,"split2_test_score":0.8805219133,"split3_test_score":0.9355678798,"split4_test_score":0.8981321878,"mean_test_score":0.908137143,"std_test_score":0.0315080973,"rank_test_score":4}
{"mean_fit_time":0.1217638016,"std_fit_time":0.0005980449,"mean_score_time":0.0224761486,"std_score_time":0.0005534491,"param_min_samples_leaf":5,"params":{"min_samples_leaf":5},"split0_test_score":0.8625964653,"split1_test_score":0.9522218412,"split2_test_score":0.8693872532,"split3_test_score":0.9242659411,"split4_test_score":0.8901451201,"mean_test_score":0.8997233242,"std_test_score":0.0339082797,"rank_test_score":5}
