{"mean_fit_time":0.1000345707,"std_fit_time":0.0011641485,"mean_score_time":0.0191487789,"std_score_time":0.0008526919,"param_min_samples_leaf":2,"params":{"min_samples_leaf":2},"split0_test_score":0.5657686717,"split1_test_score":0.4251368047,"split2_test_score":0.7186757583,"split3_test_score":0.6135008535,"split4_test_score":0.7325639791,"mean_test_score":0.6111292135,"std_test_score":0.1122221379,"rank_test_score":1}
{"mean_fit_time":0.1013755798,"std_fit_time":0.0010749281,"mean_score_time":0.0208953857,"std_score_time":0.0007548748,"param_min_samples_leaf":1,"params":{"min_samples_leaf":1},"split0_test_score":0.5435703696,"split1_test_score":0.4701981123,"split2_test_score":0.6704701249,"split3_test_score":0.558048473,"split4_test_score":0.7991928451,"mean_test_score":0.608295985,"std_test_score":0.114971714,"rank_test_score":2}
{"mean_fit_time":0.0995525837,"std_fit_time":0.001519046,"mean_score_time":0.0178132534,"std_score_time":0.0003439182,"param_min_samples_leaf":3,"params":{"min_samples_leaf":3},"split0_test_score":0.5412932396,"split1_test_score":0.434105778,"split2_test_score":0.7128801338,"split3_test_score":0.6124812465,"split4_test_score":0.6690520156,"mean_test_score":0.5939624827,"std_test_score":0.0984388191,"rank_test_score":3}
{"mean_fit_time":0.0989608288,"std_fit_time":0.0009607453,"mean_score_time":0.0172950268,"std_score_time":0.0006819174,"param_min_samples_leaf":4,"params":{"min_samples_leaf":4},"split0_test_score":0.4738426967,"split1_test_score":0.5469377009,"split2_test_score":0.6238756415,"split3_test_score":0.2656800083,"split4_test_score":0.6728594938,"mean_test_score":0.5166391083,"std_test_score":0.1425724309,"rank_test_score":4}
{"mean_fit_time":0.0995907307,"std_fit_time":0.0007722535,"mean_score_time":0.0174982548,"std_score_time":0.0005795554,"param_min_samples_leaf":5,"params":{"min_samples_leaf":5},"split0_test_score":0.4465085739,"split1_test_score":0.5621162705,"split2_test_score":0.5865363594,"split3_test_score":0.2226603425,"split4_test_score":0.6260857701,"mean_test_score":0.4887814633,"std_test_score":0.1458725021,"rank_test_score":5}
