{"mean_fit_time":2.6310097694,"std_fit_time":0.1246118655,"mean_score_time":0.0374982357,"std_score_time":0.0019438135,"param_min_samples_leaf":3,"params":{"min_samples_leaf":3},"split0_test_score":0.9408390614,"split1_test_score":0.9440436996,"split2_test_score":0.9334165334,"split3_test_score":0.9458547174,"split4_test_score":0.942089127,"mean_test_score":0.9412486277,"std_test_score":0.0042718702,"rank_test_score":1}
{"mean_fit_time":2.8334548473,"std_fit_time":0.2679164423,"mean_score_time":0.0390719414,"std_score_time":0.0092457963,"param_min_samples_leaf":2,"params":{"min_samples_leaf":2},"split0_test_score":0.9403010456,"split1_test_score":0.9446037362,"split2_test_score":0.9338432453,"split3_test_score":0.9456097516,"split4_test_score":0.941390367,"mean_test_score":0.9411496291,"std_test_score":0.0041469228,"rank_test_score":2}
{"mean_fit_time":2.2517477512,"std_fit_time":0.0449406583,"mean_score_time":0.0336364746,"std_score_time":0.0010709421,"param_min_samples_leaf":4,"params":{"min_samples_leaf":4},"split0_test_score":0.9395546876,"split1_test_score":0.9413007823,"split2_test_score":0.9325251353,"split3_test_score":0.9447446694,"split4_test_score":0.9393848168,"mean_test_score":0.9395020183,"std_test_score":0.0039853318,"rank_test_score":3}
{"mean_fit_time":3.8439138889,"std_fit_time":0.0496210668,"mean_score_time":0.0322793007,"std_score_time":0.0008989968,"param_min_samples_leaf":1,"params":{"min_samples_leaf":1},"split0_test_score":0.9374783245,"split1_test_score":0.9449193189,"split2_test_score":0.9331525021,"split3_test_score":0.9450139677,"split4_test_score":0.9365498962,"mean_test_score":0.9394228018,"std_test_score":0.0047502436,"rank_test_score":4}
{"mean_fit_time":2.1300422192,"std_fit_time":0.0166253567,"mean_score_time":0.0358188629,"std_score_time":0.0026329218,"param_min_samples_leaf":5,"params":{"min_samples_leaf":5},"split0_test_score":0.938442363,"split1_test_score":0.9387792864,"split2_test_score":0.9296525107,"split3_test_score":0.9434597818,"split4_test_score":0.9380623504,"mean_test_score":0.9376792585,"std_test_score":0.0044672649,"rank_test_score":5}
