{"mean_fit_time":2.4863343716,"std_fit_time":0.0145661701,"mean_score_time":0.0317675591,"std_score_time":0.0007240505,"param_min_samples_leaf":3,"params":{"min_samples_leaf":2},"split0_test_score":0.9450670428,"split1_test_score":0.9278516817,"split2_test_score":0.9311599543,"split3_test_score":0.9003742323,"split4_test_score":0.9341279565,"mean_test_score":0.9277161735,"std_test_score":0.0148433376,"rank_test_score":1}
{"mean_fit_time":2.9567973137,"std_fit_time":0.0490154903,"mean_score_time":0.0317112923,"std_score_time":0.0004114152,"param_min_samples_leaf":2,"params":{"min_samples_leaf":2},"split0_test_score":0.943411854,"split1_test_score":0.9284757928,"split2_test_score":0.9301180168,"split3_test_score":0.9002723145,"split4_test_score":0.9339266713,"mean_test_score":0.9272409299,"std_test_score":0.0144451144,"rank_test_score":2}
{"mean_fit_time":4.4687530518,"std_fit_time":0.0815139721,"mean_score_time":0.032692194,"std_score_time":0.0007230887,"param_min_samples_leaf":1,"params":{"min_samples_leaf":1},"split0_test_score":0.9422422735,"split1_test_score":0.9270705334,"split2_test_score":0.9303848135,"split3_test_score":0.9010340223,"split4_test_score":0.9343658093,"mean_test_score":0.9270194904,"std_test_score":0.0139447057,"rank_test_score":3}
{"mean_fit_time":2.22864151,"std_fit_time":0.0473273893,"mean_score_time":0.0315649509,"std_score_time":0.0006079995,"param_min_samples_leaf":4,"params":{"min_samples_leaf":4},"split0_test_score":0.9444023927,"split1_test_score":0.9287219229,"split2_test_score":0.9300510402,"split3_test_score":0.899555019,"split4_test_score":0.9313031446,"mean_test_score":0.9268067039,"std_test_score":0.0147422817,"rank_test_score":4}
{"mean_fit_time":2.0724328995,"std_fit_time":0.0324801532,"mean_score_time":0.0297770977,"std_score_time":0.0016495645,"param_min_samples_leaf":5,"params":{"min_samples_leaf":5},"split0_test_score":0.9414855232,"split1_test_score":0.9270407156,"split2_test_score":0.928273437,"split3_test_score":0.8977350635,"split4_test_score":0.9320515997,"mean_test_score":0.9253172678,"std_test_score":0.0146918407,"rank_test_score":5}
