{"mean_fit_time":0.1064333916,"std_fit_time":0.0041312332,"mean_score_time":0.0220048904,"std_score_time":0.0003412815,"param_min_samples_leaf":1,"params":{"min_samples_leaf":1},"split0_test_score":0.9496233954,"split1_test_score":0.9591653428,"split2_test_score":0.949022247,"split3_test_score":0.9046772977,"split4_test_score":0.9152268591,"mean_test_score":0.9355430284,"std_test_score":0.0214634567,"rank_test_score":1}
{"mean_fit_time":0.1016180038,"std_fit_time":0.0020405328,"mean_score_time":0.02163167,"std_score_time":0.0009474485,"param_min_samples_leaf":2,"params":{"min_samples_leaf":2},"split0_test_score":0.9483470409,"split1_test_score":0.9609803622,"split2_test_score":0.9332797411,"split3_test_score":0.880466244,"split4_test_score":0.9037271095,"mean_test_score":0.9253600995,"std_test_score":0.0294732687,"rank_test_score":2}
{"mean_fit_time":0.1000513077,"std_fit_time":0.0009185461,"mean_score_time":0.0210571766,"std_score_time":0.0006985768,"param_min_samples_leaf":3,"params":{"min_samples_leaf":3},"split0_test_score":0.9460112232,"split1_test_score":0.9595981905,"split2_test_score":0.9211158134,"split3_test_score":0.8853965068,"split4_test_score":0.9027495112,"mean_test_score":0.922974249,"std_test_score":0.027190424,"rank_test_score":3}
{"mean_fit_time":0.1001059055,"std_fit_time":0.0007543134,"mean_score_time":0.0213689804,"std_score_time":0.0005555481,"param_min_samples_leaf":4,"params":{"min_samples_leaf":4},"split0_test_score":0.9284921581,"split1_test_score":0.9583269884,"split2_test_score":0.9134208133,"split3_test_score":0.8809507604,"split4_test_score":0.8996339376,"mean_test_score":0.9161649316,"std_test_score":0.0262695312,"rank_test_score":4}
{"mean_fit_time":0.1005230427,"std_fit_time":0.0019029054,"mean_score_time":0.0209545612,"std_score_time":0.0006023902,"param_min_samples_leaf":5,"params":{"min_samples_leaf":5},"split0_test_score":0.9179128582,"split1_test_score":0.9545630276,"split2_test_score":0.8956008748,"split3_test_score":0.8757713136,"split4_test_score":0.8982586478,"mean_test_score":0.9084213444,"std_test_score":0.0266563805,"rank_test_score":5}
