{"mean_fit_time":4.9315052986,"std_fit_time":0.2265596776,"mean_score_time":0.0352872372,"std_score_time":0.0010716237,"param_min_samples_leaf":3,"params":{"min_samples_leaf":2},"split0_test_score":0.9085321822,"split1_test_score":0.918197969,"split2_test_score":0.9321914037,"split3_test_score":0.9266698928,"split4_test_score":0.9265518988,"mean_test_score":0.9224286693,"std_test_score":0.0082620961,"rank_test_score":1}
{"mean_fit_time":4.3807385921,"std_fit_time":0.103902319,"mean_score_time":0.0360188961,"std_score_time":0.0008990567,"param_min_samples_leaf":4,"params":{"min_samples_leaf":4},"split0_test_score":0.9085007143,"split1_test_score":0.9177836255,"split2_test_score":0.9328356045,"split3_test_score":0.9268040838,"split4_test_score":0.9261053089,"mean_test_score":0.9224058674,"std_test_score":0.0084442642,"rank_test_score":2}
{"mean_fit_time":5.6257002831,"std_fit_time":0.2462299259,"mean_score_time":0.0359161377,"std_score_time":0.0023946253,"param_min_samples_leaf":2,"params":{"min_samples_leaf":2},"split0_test_score":0.909114896,"split1_test_score":0.9166223824,"split2_test_score":0.9314956035,"split3_test_score":0.9272141711,"split4_test_score":0.9263740096,"mean_test_score":0.9221642125,"std_test_score":0.0081399739,"rank_test_score":3}
{"mean_fit_time":3.7784287453,"std_fit_time":0.0472589517,"mean_score_time":0.0343294144,"std_score_time":0.0014965477,"param_min_samples_leaf":5,"params":{"min_samples_leaf":5},"split0_test_score":0.9076657711,"split1_test_score":0.9178979633,"split2_test_score":0.9328422352,"split3_test_score":0.9263438449,"split4_test_score":0.9260304917,"mean_test_score":0.9221560612,"std_test_score":0.0086584405,"rank_test_score":4}
{"mean_fit_time":8.2736967087,"std_fit_time":0.0868244659,"mean_score_time":0.0356444836,"std_score_time":0.0021541703,"param_min_samples_leaf":1,"params":{"min_samples_leaf":1},"split0_test_score":0.9091116062,"split1_test_score":0.9146935785,"split2_test_score":0.928340926,"split3_test_score":0.9244701303,"split4_test_score":0.9241243414,"mean_test_score":0.9201481165,"std_test_score":0.0071157409,"rank_test_score":5}
