{"mean_fit_time":0.1129993439,"std_fit_time":0.0052665772,"mean_score_time":0.022352314,"std_score_time":0.0004135891,"param_min_samples_leaf":4,"params":{"min_samples_leaf":4},"split0_test_score":0.7016882793,"split1_test_score":0.784461262,"split2_test_score":0.7796130065,"split3_test_score":0.7680365287,"split4_test_score":0.6958818788,"mean_test_score":0.7459361911,"std_test_score":0.0389102706,"rank_test_score":1}
{"mean_fit_time":0.1125178337,"std_fit_time":0.0012203943,"mean_score_time":0.0221443176,"std_score_time":0.0001442115,"param_min_samples_leaf":3,"params":{"min_samples_leaf":3},"split0_test_score":0.6905496103,"split1_test_score":0.7805858846,"split2_test_score":0.7823695595,"split3_test_score":0.773401427,"split4_test_score":0.6960332494,"mean_test_score":0.7445879462,"std_test_score":0.0420267031,"rank_test_score":2}
{"mean_fit_time":0.1079999447,"std_fit_time":0.0005952966,"mean_score_time":0.0224933147,"std_score_time":0.0005544168,"param_min_samples_leaf":5,"params":{"min_samples_leaf":5},"split0_test_score":0.7026290195,"split1_test_score":0.7817527653,"split2_test_score":0.7604942664,"split3_test_score":0.758982877,"split4_test_score":0.6893458508,"mean_test_score":0.7386409558,"std_test_score":0.0359912656,"rank_test_score":3}
{"mean_fit_time":0.1196988106,"std_fit_time":0.002945555,"mean_score_time":0.0224891663,"std_score_time":0.0010498088,"param_min_samples_leaf":2,"params":{"min_samples_leaf":2},"split0_test_score":0.6576254218,"split1_test_score":0.7791883675,"split2_test_score":0.7838481086,"split3_test_score":0.7642545015,"split4_test_score":0.6880400859,"mean_test_score":0.7345912971,"std_test_score":0.0517412777,"rank_test_score":4}
{"mean_fit_time":0.1380530834,"std_fit_time":0.0008080515,"mean_score_time":0.0225492477,"std_score_time":0.0006060849,"param_min_samples_leaf":1,"params":{"min_samples_leaf":1},"split0_test_score":0.6123571242,"split1_test_score":0.7777781899,"split2_test_score":0.7729466801,"split3_test_score":0.7400916146,"split4_test_score":0.6750637518,"mean_test_score":0.7156474721,"std_test_score":0.0633354178,"rank_test_score":5}
