{"mean_fit_time":0.4922107697,"std_fit_time":0.0211441596,"mean_score_time":0.0271472931,"std_score_time":0.0011213871,"param_min_samples_leaf":4,"params":{"min_samples_leaf":2},"split0_test_score":0.8968248132,"split1_test_score":0.9087221072,"split2_test_score":0.9099289968,"split3_test_score":0.899239123,"split4_test_score":0.9159798788,"mean_test_score":0.9061389838,"std_test_score":0.0071027008,"rank_test_score":1}
{"mean_fit_time":0.5446658134,"std_fit_time":0.0341649662,"mean_score_time":0.0273787022,"std_score_time":0.0016831201,"param_min_samples_leaf":3,"params":{"min_samples_leaf":3},"split0_test_score":0.8957929625,"split1_test_score":0.9092403349,"split2_test_score":0.9083709449,"split3_test_score":0.8994139972,"split4_test_score":0.9149687981,"mean_test_score":0.9055574075,"std_test_score":0.0069733793,"rank_test_score":2}
{"mean_fit_time":0.4395204067,"std_fit_time":0.0175189351,"mean_score_time":0.027583456,"std_score_time":0.0008369693,"param_min_samples_leaf":5,"params":{"min_samples_leaf":5},"split0_test_score":0.8969177703,"split1_test_score":0.9084492893,"split2_test_score":0.9085829406,"split3_test_score":0.8977702059,"split4_test_score":0.9147858357,"mean_test_score":0.9053012083,"std_test_score":0.0068940027,"rank_test_score":3}
{"mean_fit_time":0.5828753471,"std_fit_time":0.0104707022,"mean_score_time":0.0269824982,"std_score_time":0.00157702,"param_min_samples_leaf":2,"params":{"min_samples_leaf":2},"split0_test_score":0.8950767589,"split1_test_score":0.9071864295,"split2_test_score":0.90930052,"split3_test_score":0.8974605628,"split4_test_score":0.9137507316,"mean_test_score":0.9045550006,"std_test_score":0.0071298521,"rank_test_score":4}
{"mean_fit_time":0.8126095772,"std_fit_time":0.0204236102,"mean_score_time":0.0271207809,"std_score_time":0.0012228378,"param_min_samples_leaf":1,"params":{"min_samples_leaf":1},"split0_test_score":0.8940012138,"split1_test_score":0.9027595194,"split2_test_score":0.9078586965,"split3_test_score":0.8918182314,"split4_test_score":0.9106419581,"mean_test_score":0.9014159238,"std_test_score":0.0074233133,"rank_test_score":5}
