{"mean_fit_time":0.4835841179,"std_fit_time":0.0269833066,"mean_score_time":0.027075386,"std_score_time":0.0015403014,"param_min_samples_leaf":4,"params":{"min_samples_leaf":2},"split0_test_score":0.9006212893,"split1_test_score":0.9127764568,"split2_test_score":0.9079049574,"split3_test_score":0.9174029058,"split4_test_score":0.9072510306,"mean_test_score":0.909191328,"std_test_score":0.0056417768,"rank_test_score":1}
{"mean_fit_time":0.4424516201,"std_fit_time":0.0135162432,"mean_score_time":0.0285531044,"std_score_time":0.0017063284,"param_min_samples_leaf":5,"params":{"min_samples_leaf":5},"split0_test_score":0.9002139168,"split1_test_score":0.9104988464,"split2_test_score":0.9069528536,"split3_test_score":0.9174610424,"split4_test_score":0.9074327025,"mean_test_score":0.9085118724,"std_test_score":0.0055944066,"rank_test_score":2}
{"mean_fit_time":0.5364749432,"std_fit_time":0.0259531202,"mean_score_time":0.0281730652,"std_score_time":0.0008496981,"param_min_samples_leaf":3,"params":{"min_samples_leaf":3},"split0_test_score":0.8987173294,"split1_test_score":0.9122893733,"split2_test_score":0.9059960526,"split3_test_score":0.9148056184,"split4_test_score":0.9058953235,"mean_test_score":0.9075407394,"std_test_score":0.0056262599,"rank_test_score":3}
{"mean_fit_time":0.5835622311,"std_fit_time":0.0119732657,"mean_score_time":0.0277085781,"std_score_time":0.001295299,"param_min_samples_leaf":2,"params":{"min_samples_leaf":2},"split0_test_score":0.8968177506,"split1_test_score":0.9107643604,"split2_test_score":0.9054198288,"split3_test_score":0.9115621013,"split4_test_score":0.9046275861,"mean_test_score":0.9058383254,"std_test_score":0.005292244,"rank_test_score":4}
{"mean_fit_time":0.8412637711,"std_fit_time":0.0158225955,"mean_score_time":0.0276359081,"std_score_time":0.0004052191,"param_min_samples_leaf":1,"params":{"min_samples_leaf":1},"split0_test_score":0.8927479728,"split1_test_score":0.9063323048,"split2_test_score":0.9032209345,"split3_test_score":0.9073414062,"split4_test_score":0.9013804126,"mean_test_score":0.9022046062,"std_test_score":0.0051877691,"rank_test_score":5}
