{"mean_fit_time":0.1048018932,"std_fit_time":0.0014406541,"mean_score_time":0.0221193314,"std_score_time":0.0006155423,"param_min_samples_leaf":1,"params":{"min_samples_leaf":1},"split0_test_score":0.7924543232,"split1_test_score":0.3461730835,"split2_test_score":0.3245430887,"split3_test_score":0.5048378548,"split4_test_score":0.5388448868,"mean_test_score":0.5013706474,"std_test_score":0.1682262261,"rank_test_score":1}
{"mean_fit_time":0.0999195576,"std_fit_time":0.0011064963,"mean_score_time":0.0212666988,"std_score_time":0.0002870583,"param_min_samples_leaf":3,"params":{"min_samples_leaf":3},"split0_test_score":0.7376698044,"split1_test_score":0.2291744972,"split2_test_score":0.4259411379,"split3_test_score":0.5897683728,"split4_test_score":0.5044276291,"mean_test_score":0.4973962883,"std_test_score":0.1693293666,"rank_test_score":2}
{"mean_fit_time":0.1020693302,"std_fit_time":0.0018621649,"mean_score_time":0.0216273308,"std_score_time":0.0009809067,"param_min_samples_leaf":4,"params":{"min_samples_leaf":4},"split0_test_score":0.7309120324,"split1_test_score":0.2516491896,"split2_test_score":0.4512920147,"split3_test_score":0.5322684895,"split4_test_score":0.4970217796,"mean_test_score":0.4926287012,"std_test_score":0.1537201383,"rank_test_score":3}
{"mean_fit_time":0.1011424065,"std_fit_time":0.0018619612,"mean_score_time":0.0221496105,"std_score_time":0.0005183629,"param_min_samples_leaf":2,"params":{"min_samples_leaf":2},"split0_test_score":0.7243196572,"split1_test_score":0.2775835846,"split2_test_score":0.3594285969,"split3_test_score":0.5180595393,"split4_test_score":0.5010387311,"mean_test_score":0.4760860218,"std_test_score":0.1529813871,"rank_test_score":4}
{"mean_fit_time":0.1007303715,"std_fit_time":0.0011388205,"mean_score_time":0.021115303,"std_score_time":0.0006769488,"param_min_samples_leaf":5,"params":{"min_samples_leaf":5},"split0_test_score":0.6942136199,"split1_test_score":0.2638358901,"split2_test_score":0.4547354797,"split3_test_score":0.446194669,"split4_test_score":0.4723399665,"mean_test_score":0.466263925,"std_test_score":0.1367558197,"rank_test_score":5}
