{"mean_fit_time":0.7490727425,"std_fit_time":0.0098298996,"mean_score_time":0.0302457333,"std_score_time":0.0006720494,"param_min_samples_leaf":4,"params":{"min_samples_leaf":2},"split0_test_score":0.8938183888,"split1_test_score":0.9145906929,"split2_test_score":0.8523674432,"split3_test_score":0.8993052977,"split4_test_score":0.9136387602,"mean_test_score":0.8947441166,"std_test_score":0.0226642359,"rank_test_score":1}
{"mean_fit_time":0.8748960972,"std_fit_time":0.0367084274,"mean_score_time":0.0302847862,"std_score_time":0.0008291833,"param_min_samples_leaf":3,"params":{"min_samples_leaf":3},"split0_test_score":0.8961397314,"split1_test_score":0.9111918254,"split2_test_score":0.8510038341,"split3_test_score":0.902380038,"split4_test_score":0.9111749787,"mean_test_score":0.8943780816,"std_test_score":0.0224200704,"rank_test_score":2}
{"mean_fit_time":0.6886769772,"std_fit_time":0.0151765823,"mean_score_time":0.0303702831,"std_score_time":0.000711968,"param_min_samples_leaf":5,"params":{"min_samples_leaf":5},"split0_test_score":0.8944575805,"split1_test_score":0.9148321241,"split2_test_score":0.8500978106,"split3_test_score":0.8989380849,"split4_test_score":0.9133717552,"mean_test_score":0.8943394711,"std_test_score":0.0234974994,"rank_test_score":3}
{"mean_fit_time":0.9772930622,"std_fit_time":0.0112098765,"mean_score_time":0.030359602,"std_score_time":0.0003376998,"param_min_samples_leaf":2,"params":{"min_samples_leaf":2},"split0_test_score":0.8970694506,"split1_test_score":0.9109889936,"split2_test_score":0.853809085,"split3_test_score":0.8991946262,"split4_test_score":0.910484825,"mean_test_score":0.8943093961,"std_test_score":0.0210314624,"rank_test_score":4}
{"mean_fit_time":1.4027799129,"std_fit_time":0.0287834597,"mean_score_time":0.0308895588,"std_score_time":0.0005516069,"param_min_samples_leaf":1,"params":{"min_samples_leaf":1},"split0_test_score":0.8884894182,"split1_test_score":0.9050815987,"split2_test_score":0.8512349257,"split3_test_score":0.8972087253,"split4_test_score":0.9054859439,"mean_test_score":0.8895001223,"std_test_score":0.0201146626,"rank_test_score":5}
