{"mean_fit_time":1.3864715576,"std_fit_time":0.060390384,"mean_score_time":0.0349313259,"std_score_time":0.0021965847,"param_min_samples_leaf":4,"params":{"min_samples_leaf":2},"split0_test_score":0.6645318266,"split1_test_score":0.8897416226,"split2_test_score":0.8917297218,"split3_test_score":0.885381552,"split4_test_score":0.9219646118,"mean_test_score":0.850669867,"std_test_score":0.0939656592,"rank_test_score":1}
{"mean_fit_time":1.1931916714,"std_fit_time":0.0243162992,"mean_score_time":0.0355661392,"std_score_time":0.0028609666,"param_min_samples_leaf":5,"params":{"min_samples_leaf":5},"split0_test_score":0.6631234299,"split1_test_score":0.8905587166,"split2_test_score":0.8882227453,"split3_test_score":0.8810714032,"split4_test_score":0.9234144029,"mean_test_score":0.8492781396,"std_test_score":0.0942139496,"rank_test_score":2}
{"mean_fit_time":2.5183560848,"std_fit_time":0.0206698265,"mean_score_time":0.0353317261,"std_score_time":0.0027515861,"param_min_samples_leaf":1,"params":{"min_samples_leaf":1},"split0_test_score":0.663274095,"split1_test_score":0.8804210509,"split2_test_score":0.8927328257,"split3_test_score":0.8862563229,"split4_test_score":0.9223438001,"mean_test_score":0.8490056189,"std_test_score":0.093980105,"rank_test_score":3}
{"mean_fit_time":1.7284782887,"std_fit_time":0.0359948676,"mean_score_time":0.034968996,"std_score_time":0.0039941652,"param_min_samples_leaf":2,"params":{"min_samples_leaf":2},"split0_test_score":0.6743643859,"split1_test_score":0.9048487731,"split2_test_score":0.8454497433,"split3_test_score":0.8920228377,"split4_test_score":0.9241579978,"mean_test_score":0.8481687476,"std_test_score":0.0906923611,"rank_test_score":4}
{"mean_fit_time":1.4674021721,"std_fit_time":0.0736784077,"mean_score_time":0.0337611198,"std_score_time":0.0011793992,"param_min_samples_leaf":3,"params":{"min_samples_leaf":3},"split0_test_score":0.6654917958,"split1_test_score":0.8888936292,"split2_test_score":0.8607388554,"split3_test_score":0.8875386372,"split4_test_score":0.9212646411,"mean_test_score":0.8447855117,"std_test_score":0.0916767787,"rank_test_score":5}
