{"mean_fit_time":0.1436230659,"std_fit_time":0.0270123004,"mean_score_time":0.0220153332,"std_score_time":0.0006521601,"param_min_samples_leaf":1,"params":{"min_samples_leaf":1},"split0_test_score":0.9554403955,"split1_test_score":0.9571480348,"split2_test_score":0.8890155907,"split3_test_score":0.9377226266,"split4_test_score":0.9199478032,"mean_test_score":0.9318548902,"std_test_score":0.0253275891,"rank_test_score":1}
{"mean_fit_time":0.1105694771,"std_fit_time":0.0004565289,"mean_score_time":0.0222233295,"std_score_time":0.0007148301,"param_min_samples_leaf":2,"params":{"min_samples_leaf":2},"split0_test_score":0.9571342537,"split1_test_score":0.9571718488,"split2_test_score":0.8806666923,"split3_test_score":0.9408359763,"split4_test_score":0.905340375,"mean_test_score":0.9282298292,"std_test_score":0.0303914472,"rank_test_score":2}
{"mean_fit_time":0.1071715355,"std_fit_time":0.0011021648,"mean_score_time":0.0222927094,"std_score_time":0.000697706,"param_min_samples_leaf":3,"params":{"min_samples_leaf":3},"split0_test_score":0.9561017014,"split1_test_score":0.9549179031,"split2_test_score":0.8768628318,"split3_test_score":0.9389496752,"split4_test_score":0.8859782586,"mean_test_score":0.922562074,"std_test_score":0.0342553822,"rank_test_score":3}
{"mean_fit_time":0.1052546978,"std_fit_time":0.0004492285,"mean_score_time":0.0220448971,"std_score_time":0.0006336051,"param_min_samples_leaf":4,"params":{"min_samples_leaf":4},"split0_test_score":0.9506997934,"split1_test_score":0.9507293808,"split2_test_score":0.8665553148,"split3_test_score":0.9350361855,"split4_test_score":0.8803998525,"mean_test_score":0.9166841054,"std_test_score":0.0360066364,"rank_test_score":4}
{"mean_fit_time":0.1044659615,"std_fit_time":0.0013689323,"mean_score_time":0.0222988605,"std_score_time":0.0010173236,"param_min_samples_leaf":5,"params":{"min_samples_leaf":5},"split0_test_score":0.9422315661,"split1_test_score":0.9497385186,"split2_test_score":0.8624427915,"split3_test_score":0.9328335589,"split4_test_score":0.8787186005,"mean_test_score":0.9131930071,"std_test_score":0.0355770507,"rank_test_score":5}
