{"mean_fit_time":0.5093913078,"std_fit_time":0.0169832464,"mean_score_time":0.0288917542,"std_score_time":0.0017544001,"param_min_samples_leaf":2,"params":{"min_samples_leaf":2},"split0_test_score":0.9458176437,"split1_test_score":0.9439675784,"split2_test_score":0.9494223692,"split3_test_score":0.9363324033,"split4_test_score":0.9263715483,"mean_test_score":0.9403823086,"std_test_score":0.0082075923,"rank_test_score":1}
{"mean_fit_time":0.4493112564,"std_fit_time":0.0251892164,"mean_score_time":0.0292960167,"std_score_time":0.003386083,"param_min_samples_leaf":3,"params":{"min_samples_leaf":3},"split0_test_score":0.9446904937,"split1_test_score":0.9440669668,"split2_test_score":0.9468364579,"split3_test_score":0.9367963168,"split4_test_score":0.9290100663,"mean_test_score":0.9402800603,"std_test_score":0.0065715777,"rank_test_score":2}
{"mean_fit_time":0.4132055283,"std_fit_time":0.0208252518,"mean_score_time":0.0273591518,"std_score_time":0.0013708709,"param_min_samples_leaf":4,"params":{"min_samples_leaf":4},"split0_test_score":0.9440734584,"split1_test_score":0.9427771584,"split2_test_score":0.9451051452,"split3_test_score":0.9345222291,"split4_test_score":0.9281726268,"mean_test_score":0.9389301236,"std_test_score":0.0065503852,"rank_test_score":3}
{"mean_fit_time":0.3771324635,"std_fit_time":0.0251275103,"mean_score_time":0.0280248165,"std_score_time":0.002046935,"param_min_samples_leaf":5,"params":{"min_samples_leaf":5},"split0_test_score":0.9442759244,"split1_test_score":0.9429214562,"split2_test_score":0.9463380699,"split3_test_score":0.9333584625,"split4_test_score":0.9265215601,"mean_test_score":0.9386830946,"std_test_score":0.0075378608,"rank_test_score":4}
{"mean_fit_time":0.7261259556,"std_fit_time":0.0179262027,"mean_score_time":0.02827425,"std_score_time":0.001817663,"param_min_samples_leaf":1,"params":{"min_samples_leaf":1},"split0_test_score":0.9421613865,"split1_test_score":0.943642984,"split2_test_score":0.9475296285,"split3_test_score":0.934994381,"split4_test_score":0.9246801466,"mean_test_score":0.9386017053,"std_test_score":0.0080574961,"rank_test_score":5}
