{"mean_fit_time":0.0990010262,"std_fit_time":0.0006806502,"mean_score_time":0.0181423664,"std_score_time":0.0001952009,"param_min_samples_leaf":3,"params":{"min_samples_leaf":3},"split0_test_score":0.8108941535,"split1_test_score":0.855334524,"split2_test_score":0.7008741935,"split3_test_score":0.7349590717,"split4_test_score":0.7946985979,"mean_test_score":0.7793521081,"std_test_score":0.0550150301,"rank_test_score":1}
{"mean_fit_time":0.101587677,"std_fit_time":0.002871909,"mean_score_time":0.0180112362,"std_score_time":0.000439905,"param_min_samples_leaf":4,"params":{"min_samples_leaf":4},"split0_test_score":0.8169827589,"split1_test_score":0.8462642636,"split2_test_score":0.6982309278,"split3_test_score":0.7348353465,"split4_test_score":0.7976705111,"mean_test_score":0.7787967616,"std_test_score":0.0543869695,"rank_test_score":2}
{"mean_fit_time":0.0991740704,"std_fit_time":0.0010380091,"mean_score_time":0.0174534321,"std_score_time":0.0005633209,"param_min_samples_leaf":5,"params":{"min_samples_leaf":5},"split0_test_score":0.8248519421,"split1_test_score":0.8411795399,"split2_test_score":0.6737865215,"split3_test_score":0.7152203132,"split4_test_score":0.8043174354,"mean_test_score":0.7718711504,"std_test_score":0.0655641523,"rank_test_score":3}
{"mean_fit_time":0.1003240585,"std_fit_time":0.0006510246,"mean_score_time":0.0193183422,"std_score_time":0.0002801078,"param_min_samples_leaf":2,"params":{"min_samples_leaf":2},"split0_test_score":0.7965177592,"split1_test_score":0.8525561197,"split2_test_score":0.6858116873,"split3_test_score":0.7104344513,"split4_test_score":0.7865261906,"mean_test_score":0.7663692416,"std_test_score":0.060599726,"rank_test_score":4}
{"mean_fit_time":0.1153331757,"std_fit_time":0.0267085106,"mean_score_time":0.0220512867,"std_score_time":0.0007651513,"param_min_samples_leaf":1,"params":{"min_samples_leaf":1},"split0_test_score":0.7885314833,"split1_test_score":0.8478902674,"split2_test_score":0.698023357,"split3_test_score":0.6851533643,"split4_test_score":0.7768223604,"mean_test_score":0.7592841665,"std_test_score":0.0604355814,"rank_test_score":5}
