{"mean_fit_time":0.1561667919,"std_fit_time":0.0016440912,"mean_score_time":0.0221067905,"std_score_time":0.0007032505,"param_min_samples_leaf":2,"params":{"min_samples_leaf":2},"split0_test_score":0.9388371601,"split1_test_score":0.8195278243,"split2_test_score":0.9022507511,"split3_test_score":0.929395239,"split4_test_score":0.9309346419,"mean_test_score":0.9041891233,"std_test_score":0.0440963725,"rank_test_score":1}
{"mean_fit_time":0.1993795395,"std_fit_time":0.0017602341,"mean_score_time":0.0221992493,"std_score_time":0.0007796612,"param_min_samples_leaf":1,"params":{"min_samples_leaf":1},"split0_test_score":0.9345121253,"split1_test_score":0.8163720169,"split2_test_score":0.8982350958,"split3_test_score":0.9232275345,"split4_test_score":0.9309649824,"mean_test_score":0.900662351,"std_test_score":0.0440090813,"rank_test_score":2}
{"mean_fit_time":0.14170084,"std_fit_time":0.0026014526,"mean_score_time":0.0228791237,"std_score_time":0.0004801146,"param_min_samples_leaf":3,"params":{"min_samples_leaf":3},"split0_test_score":0.9343813265,"split1_test_score":0.8153402444,"split2_test_score":0.8962850697,"split3_test_score":0.9279898249,"split4_test_score":0.9288855524,"mean_test_score":0.9005764036,"std_test_score":0.0446750372,"rank_test_score":3}
{"mean_fit_time":0.1311164856,"std_fit_time":0.0009317719,"mean_score_time":0.0224153519,"std_score_time":0.000807886,"param_min_samples_leaf":4,"params":{"min_samples_leaf":4},"split0_test_score":0.9334922629,"split1_test_score":0.8152218398,"split2_test_score":0.8942290928,"split3_test_score":0.9251829864,"split4_test_score":0.9289823047,"mean_test_score":0.8994216973,"std_test_score":0.0443054311,"rank_test_score":4}
{"mean_fit_time":0.1233382225,"std_fit_time":0.0016483659,"mean_score_time":0.022137022,"std_score_time":0.0007959782,"param_min_samples_leaf":5,"params":{"min_samples_leaf":5},"split0_test_score":0.9277885824,"split1_test_score":0.8070597268,"split2_test_score":0.8898602798,"split3_test_score":0.9226935158,"split4_test_score":0.9293564473,"mean_test_score":0.8953517104,"std_test_score":0.0464363592,"rank_test_score":5}
