{"mean_fit_time":0.2489292622,"std_fit_time":0.0055002737,"mean_score_time":0.0231548309,"std_score_time":0.0006235285,"param_min_samples_leaf":2,"params":{"min_samples_leaf":2},"split0_test_score":0.9381558058,"split1_test_score":0.9568877507,"split2_test_score":0.9437824859,"split3_test_score":0.9492404408,"split4_test_score":0.9434095268,"mean_test_score":0.946295202,"std_test_score":0.006352435,"rank_test_score":1}
{"mean_fit_time":0.3280324936,"std_fit_time":0.0035550217,"mean_score_time":0.0228080273,"std_score_time":0.0006502732,"param_min_samples_leaf":1,"params":{"min_samples_leaf":1},"split0_test_score":0.9387065243,"split1_test_score":0.9576859953,"split2_test_score":0.9419106113,"split3_test_score":0.9486603791,"split4_test_score":0.938706216,"mean_test_score":0.9451339452,"std_test_score":0.0072526826,"rank_test_score":2}
{"mean_fit_time":0.2133298397,"std_fit_time":0.0008446545,"mean_score_time":0.0225061893,"std_score_time":0.0005331094,"param_min_samples_leaf":3,"params":{"min_samples_leaf":3},"split0_test_score":0.9357397602,"split1_test_score":0.9578165422,"split2_test_score":0.9438492191,"split3_test_score":0.946490406,"split4_test_score":0.9399053795,"mean_test_score":0.9447602614,"std_test_score":0.0074730072,"rank_test_score":3}
{"mean_fit_time":0.1940146923,"std_fit_time":0.0022626312,"mean_score_time":0.0228940487,"std_score_time":0.0003772294,"param_min_samples_leaf":4,"params":{"min_samples_leaf":4},"split0_test_score":0.9344343295,"split1_test_score":0.9563901632,"split2_test_score":0.9418920227,"split3_test_score":0.9446763441,"split4_test_score":0.9384560938,"mean_test_score":0.9431697907,"std_test_score":0.0074459098,"rank_test_score":4}
{"mean_fit_time":0.1819944382,"std_fit_time":0.0010479746,"mean_score_time":0.0227944374,"std_score_time":0.0005864841,"param_min_samples_leaf":5,"params":{"min_samples_leaf":5},"split0_test_score":0.930613547,"split1_test_score":0.9552952062,"split2_test_score":0.9390609068,"split3_test_score":0.9422608158,"split4_test_score":0.9365517515,"mean_test_score":0.9407564455,"std_test_score":0.0082106198,"rank_test_score":5}
