{"mean_fit_time":0.4500803471,"std_fit_time":0.0230210372,"mean_score_time":0.0266334534,"std_score_time":0.0008227006,"param_min_samples_leaf":3,"params":{"min_samples_leaf":3},"split0_test_score":0.9275601944,"split1_test_score":0.923559386,"split2_test_score":0.9278493474,"split3_test_score":0.9409295568,"split4_test_score":0.9362897968,"mean_test_score":0.9312376563,"std_test_score":0.006378358,"rank_test_score":1}
{"mean_fit_time":0.521845293,"std_fit_time":0.0089257447,"mean_score_time":0.02735219,"std_score_time":0.0006736168,"param_min_samples_leaf":2,"params":{"min_samples_leaf":2},"split0_test_score":0.929058329,"split1_test_score":0.9245173575,"split2_test_score":0.9277088567,"split3_test_score":0.9408299197,"split4_test_score":0.9339130163,"mean_test_score":0.9312054959,"std_test_score":0.0056838052,"rank_test_score":2}
{"mean_fit_time":0.3961002827,"std_fit_time":0.0050754294,"mean_score_time":0.0262565613,"std_score_time":0.0006303566,"param_min_samples_leaf":4,"params":{"min_samples_leaf":4},"split0_test_score":0.9254443096,"split1_test_score":0.922081952,"split2_test_score":0.9271973452,"split3_test_score":0.9412642851,"split4_test_score":0.934624713,"mean_test_score":0.930122521,"std_test_score":0.0069210072,"rank_test_score":3}
{"mean_fit_time":0.7521974087,"std_fit_time":0.0130199727,"mean_score_time":0.0269496918,"std_score_time":0.0008954004,"param_min_samples_leaf":1,"params":{"min_samples_leaf":1},"split0_test_score":0.9273541404,"split1_test_score":0.9246073433,"split2_test_score":0.9258986785,"split3_test_score":0.9371677899,"split4_test_score":0.9334848666,"mean_test_score":0.9297025637,"std_test_score":0.0048162501,"rank_test_score":4}
{"mean_fit_time":0.3609920025,"std_fit_time":0.0034571951,"mean_score_time":0.0253907681,"std_score_time":0.0010282039,"param_min_samples_leaf":5,"params":{"min_samples_leaf":5},"split0_test_score":0.9226821667,"split1_test_score":0.9218894513,"split2_test_score":0.926218302,"split3_test_score":0.9400713411,"split4_test_score":0.9340826099,"mean_test_score":0.9289887742,"std_test_score":0.0070230998,"rank_test_score":5}
