{"mean_fit_time":0.2500535965,"std_fit_time":0.003572841,"mean_score_time":0.0230715752,"std_score_time":0.000576902,"param_min_samples_leaf":2,"params":{"min_samples_leaf":2},"split0_test_score":0.9424572459,"split1_test_score":0.9408417058,"split2_test_score":0.9443776629,"split3_test_score":0.9301802884,"split4_test_score":0.9372886491,"mean_test_score":0.9390291104,"std_test_score":0.0049995097,"rank_test_score":1}
{"mean_fit_time":0.3482521057,"std_fit_time":0.0065257177,"mean_score_time":0.0233214378,"std_score_time":0.0005147362,"param_min_samples_leaf":1,"params":{"min_samples_leaf":1},"split0_test_score":0.9410753402,"split1_test_score":0.9390935385,"split2_test_score":0.9449115655,"split3_test_score":0.9263982876,"split4_test_score":0.9432857701,"mean_test_score":0.9389529004,"std_test_score":0.0065790924,"rank_test_score":2}
{"mean_fit_time":0.2163050652,"std_fit_time":0.0009390726,"mean_score_time":0.0225511074,"std_score_time":0.0004517571,"param_min_samples_leaf":3,"params":{"min_samples_leaf":3},"split0_test_score":0.9364958931,"split1_test_score":0.9388721666,"split2_test_score":0.9437982161,"split3_test_score":0.9346765582,"split4_test_score":0.9328130684,"mean_test_score":0.9373311805,"std_test_score":0.0038040833,"rank_test_score":3}
{"mean_fit_time":0.1986228943,"std_fit_time":0.0048730937,"mean_score_time":0.0229235172,"std_score_time":0.0006523249,"param_min_samples_leaf":4,"params":{"min_samples_leaf":4},"split0_test_score":0.9353420556,"split1_test_score":0.9385877822,"split2_test_score":0.9445237141,"split3_test_score":0.9350792188,"split4_test_score":0.9307306908,"mean_test_score":0.9368526923,"std_test_score":0.0045773627,"rank_test_score":4}
{"mean_fit_time":0.1853155613,"std_fit_time":0.0020571297,"mean_score_time":0.0226204872,"std_score_time":0.0007966739,"param_min_samples_leaf":5,"params":{"min_samples_leaf":5},"split0_test_score":0.9359297513,"split1_test_score":0.9375657067,"split2_test_score":0.9430708999,"split3_test_score":0.9335513899,"split4_test_score":0.9302892079,"mean_test_score":0.9360813911,"std_test_score":0.0042668422,"rank_test_score":5}
