{"mean_fit_time":0.1404938221,"std_fit_time":0.0035289855,"mean_score_time":0.0227262497,"std_score_time":0.0009685161,"param_min_samples_leaf":2,"params":{"min_samples_leaf":2},"split0_test_score":0.8669943754,"split1_test_score":0.8220281749,"split2_test_score":0.917257113,"split3_test_score":0.9150844658,"split4_test_score":0.9077887323,"mean_test_score":0.8858305723,"std_test_score":0.0367454127,"rank_test_score":1}
{"mean_fit_time":0.1741165638,"std_fit_time":0.010120289,"mean_score_time":0.0227311134,"std_score_time":0.0007547911,"param_min_samples_leaf":1,"params":{"min_samples_leaf":1},"split0_test_score":0.862656522,"split1_test_score":0.8236370875,"split2_test_score":0.9186104724,"split3_test_score":0.9193526096,"split4_test_score":0.8950009696,"mean_test_score":0.8838515322,"std_test_score":0.036518018,"rank_test_score":2}
{"mean_fit_time":0.1250031471,"std_fit_time":0.0009699826,"mean_score_time":0.0227893353,"std_score_time":0.000573707,"param_min_samples_leaf":3,"params":{"min_samples_leaf":3},"split0_test_score":0.8610346368,"split1_test_score":0.8224982307,"split2_test_score":0.917487,"split3_test_score":0.9092403084,"split4_test_score":0.9038896766,"mean_test_score":0.8828299705,"std_test_score":0.0359362832,"rank_test_score":3}
{"mean_fit_time":0.119136095,"std_fit_time":0.0017850107,"mean_score_time":0.0223377705,"std_score_time":0.0005208015,"param_min_samples_leaf":4,"params":{"min_samples_leaf":4},"split0_test_score":0.872393048,"split1_test_score":0.8143109888,"split2_test_score":0.9142448444,"split3_test_score":0.9082310982,"split4_test_score":0.8963932179,"mean_test_score":0.8811146395,"std_test_score":0.0363459535,"rank_test_score":4}
{"mean_fit_time":0.1147639751,"std_fit_time":0.001059297,"mean_score_time":0.0223305225,"std_score_time":0.0007040928,"param_min_samples_leaf":5,"params":{"min_samples_leaf":5},"split0_test_score":0.8670756635,"split1_test_score":0.8064992805,"split2_test_score":0.9160934926,"split3_test_score":0.9109863615,"split4_test_score":0.8920847242,"mean_test_score":0.8785479045,"std_test_score":0.0399193855,"rank_test_score":5}
