{"mean_fit_time":0.1066071033,"std_fit_time":0.0017417012,"mean_score_time":0.0220639706,"std_score_time":0.0006355442,"param_min_samples_leaf":1,"params":{"min_samples_leaf":1},"split0_test_score":0.9229463873,"split1_test_score":0.6779306761,"split2_test_score":0.9107180019,"split3_test_score":0.7824761815,"split4_test_score":0.8580111899,"mean_test_score":0.8304164873,"std_test_score":0.0909085021,"rank_test_score":1}
{"mean_fit_time":0.100716114,"std_fit_time":0.0007012438,"mean_score_time":0.0223356247,"std_score_time":0.0003249504,"param_min_samples_leaf":3,"params":{"min_samples_leaf":3},"split0_test_score":0.9030485368,"split1_test_score":0.6897632264,"split2_test_score":0.8755403128,"split3_test_score":0.7704309501,"split4_test_score":0.7723578395,"mean_test_score":0.8022281731,"std_test_score":0.0775771616,"rank_test_score":2}
{"mean_fit_time":0.1021330833,"std_fit_time":0.0024445852,"mean_score_time":0.0224630356,"std_score_time":0.0005231465,"param_min_samples_leaf":2,"params":{"min_samples_leaf":2},"split0_test_score":0.9166411689,"split1_test_score":0.6718931843,"split2_test_score":0.8907506022,"split3_test_score":0.7802939592,"split4_test_score":0.7329542409,"mean_test_score":0.7985066311,"std_test_score":0.0928703412,"rank_test_score":3}
{"mean_fit_time":0.1016023159,"std_fit_time":0.0016419246,"mean_score_time":0.0215729237,"std_score_time":0.0003975206,"param_min_samples_leaf":4,"params":{"min_samples_leaf":4},"split0_test_score":0.8565933959,"split1_test_score":0.6966857155,"split2_test_score":0.8483338689,"split3_test_score":0.758162116,"split4_test_score":0.7377955754,"mean_test_score":0.7795141343,"std_test_score":0.0628239799,"rank_test_score":4}
{"mean_fit_time":0.1007352829,"std_fit_time":0.0007780217,"mean_score_time":0.0214344025,"std_score_time":0.000370185,"param_min_samples_leaf":5,"params":{"min_samples_leaf":5},"split0_test_score":0.837708901,"split1_test_score":0.689554592,"split2_test_score":0.852362118,"split3_test_score":0.7558817813,"split4_test_score":0.7274196813,"mean_test_score":0.7725854147,"std_test_score":0.062957864,"rank_test_score":5}
