{"mean_fit_time":0.1960163593,"std_fit_time":0.0029302016,"mean_score_time":0.022710371,"std_score_time":0.000652352,"param_min_samples_leaf":2,"params":{"min_samples_leaf":2},"split0_test_score":0.9492640863,"split1_test_score":0.9582379166,"split2_test_score":0.9514432265,"split3_test_score":0.9503416885,"split4_test_score":0.9506989041,"mean_test_score":0.9519971644,"std_test_score":0.0031984256,"rank_test_score":1}
{"mean_fit_time":0.1756458282,"std_fit_time":0.0099293679,"mean_score_time":0.0220092773,"std_score_time":0.0002150349,"param_min_samples_leaf":3,"params":{"min_samples_leaf":3},"split0_test_score":0.9508497461,"split1_test_score":0.9551976883,"split2_test_score":0.9505986831,"split3_test_score":0.9508503217,"split4_test_score":0.9501903808,"mean_test_score":0.951537364,"std_test_score":0.0018459851,"rank_test_score":2}
{"mean_fit_time":0.1583518505,"std_fit_time":0.0013989221,"mean_score_time":0.0227464676,"std_score_time":0.0003457588,"param_min_samples_leaf":4,"params":{"min_samples_leaf":4},"split0_test_score":0.9493104286,"split1_test_score":0.955994935,"split2_test_score":0.9474542652,"split3_test_score":0.9511849301,"split4_test_score":0.9502550417,"mean_test_score":0.9508399201,"std_test_score":0.0028578767,"rank_test_score":3}
{"mean_fit_time":0.2629023075,"std_fit_time":0.0044124813,"mean_score_time":0.0232532978,"std_score_time":0.0007145194,"param_min_samples_leaf":1,"params":{"min_samples_leaf":1},"split0_test_score":0.9475135411,"split1_test_score":0.9571497139,"split2_test_score":0.9496463828,"split3_test_score":0.9492124475,"split4_test_score":0.9486657007,"mean_test_score":0.9504375572,"std_test_score":0.0034313043,"rank_test_score":4}
{"mean_fit_time":0.1503034115,"std_fit_time":0.0027247045,"mean_score_time":0.0228523254,"std_score_time":0.0005467026,"param_min_samples_leaf":5,"params":{"min_samples_leaf":5},"split0_test_score":0.9484594834,"split1_test_score":0.9543955537,"split2_test_score":0.9470563824,"split3_test_score":0.9509929161,"split4_test_score":0.9491217819,"mean_test_score":0.9500052235,"std_test_score":0.0025344025,"rank_test_score":5}
