{"mean_fit_time":3.1361370087,"std_fit_time":0.0100423043,"mean_score_time":0.0326189995,"std_score_time":0.0010307657,"param_min_samples_leaf":2,"params":{"min_samples_leaf":2},"split0_test_score":0.9017258658,"split1_test_score":0.9143985931,"split2_test_score":0.8996384438,"split3_test_score":0.8960215215,"split4_test_score":0.9026563258,"mean_test_score":0.90288815,"std_test_score":0.006190414,"rank_test_score":1}
{"mean_fit_time":2.6217043877,"std_fit_time":0.0478912838,"mean_score_time":0.031678915,"std_score_time":0.0010119012,"param_min_samples_leaf":3,"params":{"min_samples_leaf":3},"split0_test_score":0.8966740443,"split1_test_score":0.9125536224,"split2_test_score":0.8986054991,"split3_test_score":0.8993660581,"split4_test_score":0.9019159447,"mean_test_score":0.9018230337,"std_test_score":0.0056223752,"rank_test_score":2}
{"mean_fit_time":5.1824005604,"std_fit_time":0.3076113429,"mean_score_time":0.034946537,"std_score_time":0.0029682265,"param_min_samples_leaf":1,"params":{"min_samples_leaf":1},"split0_test_score":0.9045465722,"split1_test_score":0.9155689189,"split2_test_score":0.8946123958,"split3_test_score":0.8933086278,"split4_test_score":0.9010701299,"mean_test_score":0.9018213289,"std_test_score":0.0080177588,"rank_test_score":3}
{"mean_fit_time":2.3607690811,"std_fit_time":0.0269718088,"mean_score_time":0.0321057796,"std_score_time":0.0009137425,"param_min_samples_leaf":4,"params":{"min_samples_leaf":4},"split0_test_score":0.8911516059,"split1_test_score":0.9101731235,"split2_test_score":0.8939178234,"split3_test_score":0.8944710581,"split4_test_score":0.894357745,"mean_test_score":0.8968142712,"std_test_score":0.0067888039,"rank_test_score":4}
{"mean_fit_time":2.273575592,"std_fit_time":0.0943101601,"mean_score_time":0.0330842018,"std_score_time":0.0037436152,"param_min_samples_leaf":5,"params":{"min_samples_leaf":5},"split0_test_score":0.8883991489,"split1_test_score":0.9079466358,"split2_test_score":0.8900802745,"split3_test_score":0.8900055238,"split4_test_score":0.893785369,"mean_test_score":0.8940433904,"std_test_score":0.0071726553,"rank_test_score":5}
