{"mean_fit_time":0.101667881,"std_fit_time":0.0018881971,"mean_score_time":0.0214478016,"std_score_time":0.0004139636,"param_min_samples_leaf":3,"params":{"min_samples_leaf":3},"split0_test_score":0.8816148731,"split1_test_score":0.8079304335,"split2_test_score":0.8055413517,"split3_test_score":0.7639103933,"split4_test_score":0.8579934755,"mean_test_score":0.8233981054,"std_test_score":0.04167237,"rank_test_score":1}
{"mean_fit_time":0.1008640766,"std_fit_time":0.0009225416,"mean_score_time":0.0210971355,"std_score_time":0.0004900888,"param_min_samples_leaf":4,"params":{"min_samples_leaf":4},"split0_test_score":0.8813552858,"split1_test_score":0.8081320574,"split2_test_score":0.7865888106,"split3_test_score":0.7793179792,"split4_test_score":0.8522363087,"mean_test_score":0.8215260884,"std_test_score":0.0392535054,"rank_test_score":2}
{"mean_fit_time":0.1004130363,"std_fit_time":0.000834445,"mean_score_time":0.0203986168,"std_score_time":0.0004567064,"param_min_samples_leaf":5,"params":{"min_samples_leaf":5},"split0_test_score":0.8788030777,"split1_test_score":0.7881251619,"split2_test_score":0.7916937342,"split3_test_score":0.7875416438,"split4_test_score":0.8381728202,"mean_test_score":0.8168672875,"std_test_score":0.0363587095,"rank_test_score":3}
{"mean_fit_time":0.1020222664,"std_fit_time":0.0013298398,"mean_score_time":0.0218548775,"std_score_time":0.0006377824,"param_min_samples_leaf":2,"params":{"min_samples_leaf":2},"split0_test_score":0.871736577,"split1_test_score":0.808766215,"split2_test_score":0.7742173339,"split3_test_score":0.7295445006,"split4_test_score":0.8674795334,"mean_test_score":0.810348832,"std_test_score":0.0545338465,"rank_test_score":4}
{"mean_fit_time":0.1037378311,"std_fit_time":0.0007713902,"mean_score_time":0.0222131729,"std_score_time":0.0002644946,"param_min_samples_leaf":1,"params":{"min_samples_leaf":1},"split0_test_score":0.8596917831,"split1_test_score":0.8077286025,"split2_test_score":0.7639910574,"split3_test_score":0.7251114133,"split4_test_score":0.8792976719,"mean_test_score":0.8071641056,"std_test_score":0.057548733,"rank_test_score":5}
