{"mean_fit_time":0.6177361012,"std_fit_time":0.0108440319,"mean_score_time":0.0264707565,"std_score_time":0.0005383449,"param_min_samples_leaf":3,"params":{"min_samples_leaf":3},"split0_test_score":0.9251298994,"split1_test_score":0.923517804,"split2_test_score":0.914852636,"split3_test_score":0.9076980352,"split4_test_score":0.9257270829,"mean_test_score":0.9193850915,"std_test_score":0.0070346773,"rank_test_score":1}
{"mean_fit_time":0.7507180214,"std_fit_time":0.0264999092,"mean_score_time":0.0271900177,"std_score_time":0.0003803255,"param_min_samples_leaf":2,"params":{"min_samples_leaf":2},"split0_test_score":0.9241454319,"split1_test_score":0.9218254752,"split2_test_score":0.9156960511,"split3_test_score":0.9066735609,"split4_test_score":0.9252974068,"mean_test_score":0.9187275852,"std_test_score":0.006878986,"rank_test_score":2}
{"mean_fit_time":0.5624656677,"std_fit_time":0.0097285259,"mean_score_time":0.0273340225,"std_score_time":0.0006744218,"param_min_samples_leaf":4,"params":{"min_samples_leaf":4},"split0_test_score":0.9232682082,"split1_test_score":0.9233393299,"split2_test_score":0.9137404229,"split3_test_score":0.9069646845,"split4_test_score":0.9243909109,"mean_test_score":0.9183407113,"std_test_score":0.006876743,"rank_test_score":3}
{"mean_fit_time":0.5323138714,"std_fit_time":0.0176386842,"mean_score_time":0.0266727448,"std_score_time":0.0010153852,"param_min_samples_leaf":5,"params":{"min_samples_leaf":5},"split0_test_score":0.9208270552,"split1_test_score":0.9221146371,"split2_test_score":0.9116483957,"split3_test_score":0.9062965824,"split4_test_score":0.9236328941,"mean_test_score":0.9169039129,"std_test_score":0.0067521523,"rank_test_score":4}
{"mean_fit_time":1.1173031807,"std_fit_time":0.0252981015,"mean_score_time":0.0321230888,"std_score_time":0.0021561761,"param_min_samples_leaf":1,"params":{"min_samples_leaf":1},"split0_test_score":0.92192526,"split1_test_score":0.9172949243,"split2_test_score":0.9144203796,"split3_test_score":0.9054114263,"split4_test_score":0.9254429444,"mean_test_score":0.9168989869,"std_test_score":0.0068778913,"rank_test_score":5}
