{"mean_fit_time":0.1088119507,"std_fit_time":0.0008708362,"mean_score_time":0.022071743,"std_score_time":0.0005776107,"param_min_samples_leaf":2,"params":{"min_samples_leaf":2},"split0_test_score":0.9150312321,"split1_test_score":0.9263914486,"split2_test_score":0.6154019862,"split3_test_score":0.910337488,"split4_test_score":0.8632294617,"mean_test_score":0.8460783233,"std_test_score":0.1173368451,"rank_test_score":1}
{"mean_fit_time":0.1195816517,"std_fit_time":0.0023555572,"mean_score_time":0.0220542431,"std_score_time":0.0007625787,"param_min_samples_leaf":1,"params":{"min_samples_leaf":1},"split0_test_score":0.9144067967,"split1_test_score":0.9253176468,"split2_test_score":0.5983717644,"split3_test_score":0.9103847545,"split4_test_score":0.8694817322,"mean_test_score":0.8435925389,"std_test_score":0.1240631541,"rank_test_score":2}
{"mean_fit_time":0.1061365604,"std_fit_time":0.0004036693,"mean_score_time":0.0214259148,"std_score_time":0.0004094957,"param_min_samples_leaf":3,"params":{"min_samples_leaf":3},"split0_test_score":0.9138704318,"split1_test_score":0.9306193743,"split2_test_score":0.5971911866,"split3_test_score":0.9119317814,"split4_test_score":0.8471059978,"mean_test_score":0.8401437544,"std_test_score":0.1247793289,"rank_test_score":3}
{"mean_fit_time":0.1043957233,"std_fit_time":0.0009993299,"mean_score_time":0.0225222111,"std_score_time":0.0004006948,"param_min_samples_leaf":4,"params":{"min_samples_leaf":4},"split0_test_score":0.9168581088,"split1_test_score":0.9311905147,"split2_test_score":0.6001000062,"split3_test_score":0.9105628494,"split4_test_score":0.8300479675,"mean_test_score":0.8377518893,"std_test_score":0.1239578756,"rank_test_score":4}
{"mean_fit_time":0.1036766529,"std_fit_time":0.000501635,"mean_score_time":0.0218148232,"std_score_time":0.0002658403,"param_min_samples_leaf":5,"params":{"min_samples_leaf":5},"split0_test_score":0.9133802863,"split1_test_score":0.9298218288,"split2_test_score":0.5817698781,"split3_test_score":0.9070881599,"split4_test_score":0.8237072924,"mean_test_score":0.8311534891,"std_test_score":0.1300079943,"rank_test_score":5}
