{"mean_fit_time":0.8450046539,"std_fit_time":0.0615796309,"mean_score_time":0.0282023907,"std_score_time":0.0019377358,"param_min_samples_leaf":2,"params":{"min_samples_leaf":2},"split0_test_score":0.9477642797,"split1_test_score":0.9174316234,"split2_test_score":0.8917875777,"split3_test_score":0.9283464216,"split4_test_score":0.9373240692,"mean_test_score":0.9245307943,"std_test_score":0.0191861315,"rank_test_score":1}
{"mean_fit_time":0.716017437,"std_fit_time":0.0384089777,"mean_score_time":0.0271335602,"std_score_time":0.0012236908,"param_min_samples_leaf":3,"params":{"min_samples_leaf":3},"split0_test_score":0.9498543647,"split1_test_score":0.9184543442,"split2_test_score":0.8875390867,"split3_test_score":0.9274551378,"split4_test_score":0.9272201949,"mean_test_score":0.9221046257,"std_test_score":0.0201640575,"rank_test_score":2}
{"mean_fit_time":1.2353525639,"std_fit_time":0.0616683363,"mean_score_time":0.0290828705,"std_score_time":0.0026194993,"param_min_samples_leaf":1,"params":{"min_samples_leaf":1},"split0_test_score":0.9459014216,"split1_test_score":0.912395166,"split2_test_score":0.8837084115,"split3_test_score":0.9246168422,"split4_test_score":0.9306991764,"mean_test_score":0.9194642035,"std_test_score":0.0208813254,"rank_test_score":3}
{"mean_fit_time":0.654050827,"std_fit_time":0.0336053489,"mean_score_time":0.0258114338,"std_score_time":0.0025879591,"param_min_samples_leaf":4,"params":{"min_samples_leaf":4},"split0_test_score":0.9477053984,"split1_test_score":0.9210582901,"split2_test_score":0.8803053387,"split3_test_score":0.9256635749,"split4_test_score":0.9185208861,"mean_test_score":0.9186506976,"std_test_score":0.0217694097,"rank_test_score":4}
{"mean_fit_time":0.6636095524,"std_fit_time":0.0267778079,"mean_score_time":0.0282691956,"std_score_time":0.0015926468,"param_min_samples_leaf":5,"params":{"min_samples_leaf":5},"split0_test_score":0.9480754688,"split1_test_score":0.9158679786,"split2_test_score":0.8690486156,"split3_test_score":0.9246691974,"split4_test_score":0.9156563297,"mean_test_score":0.914663518,"std_test_score":0.0256890163,"rank_test_score":5}
