{"mean_fit_time":1.2335599422,"std_fit_time":0.0386849856,"mean_score_time":0.0311177254,"std_score_time":0.0010363949,"param_min_samples_leaf":2,"params":{"min_samples_leaf":2},"split0_test_score":0.9283235527,"split1_test_score":0.8905605424,"split2_test_score":0.9325348684,"split3_test_score":0.8498612437,"split4_test_score":0.9205936696,"mean_test_score":0.9043747754,"std_test_score":0.030958506,"rank_test_score":1}
{"mean_fit_time":1.0692696571,"std_fit_time":0.0609499349,"mean_score_time":0.0307860851,"std_score_time":0.0016835264,"param_min_samples_leaf":3,"params":{"min_samples_leaf":3},"split0_test_score":0.9279549573,"split1_test_score":0.889805826,"split2_test_score":0.9322390661,"split3_test_score":0.8501083187,"split4_test_score":0.9192911295,"mean_test_score":0.9038798595,"std_test_score":0.0306946875,"rank_test_score":2}
{"mean_fit_time":0.9565577507,"std_fit_time":0.0530424335,"mean_score_time":0.0310582638,"std_score_time":0.0017207585,"param_min_samples_leaf":4,"params":{"min_samples_leaf":4},"split0_test_score":0.9258384335,"split1_test_score":0.8894707101,"split2_test_score":0.9309115433,"split3_test_score":0.8461381685,"split4_test_score":0.9185573118,"mean_test_score":0.9021832334,"std_test_score":0.0314822244,"rank_test_score":3}
{"mean_fit_time":1.7358458519,"std_fit_time":0.0189593645,"mean_score_time":0.0298476696,"std_score_time":0.0005520093,"param_min_samples_leaf":1,"params":{"min_samples_leaf":1},"split0_test_score":0.9271066406,"split1_test_score":0.889956767,"split2_test_score":0.9274760457,"split3_test_score":0.8438256066,"split4_test_score":0.9202687469,"mean_test_score":0.9017267614,"std_test_score":0.0320688186,"rank_test_score":4}
{"mean_fit_time":0.9139904022,"std_fit_time":0.010903023,"mean_score_time":0.0312849998,"std_score_time":0.0017878436,"param_min_samples_leaf":5,"params":{"min_samples_leaf":5},"split0_test_score":0.9230884921,"split1_test_score":0.8896960774,"split2_test_score":0.9313965796,"split3_test_score":0.8446944631,"split4_test_score":0.9173186577,"mean_test_score":0.901238854,"std_test_score":0.0315466607,"rank_test_score":5}
