{"mean_fit_time":7.9014235497,"std_fit_time":0.0244834162,"mean_score_time":0.031397295,"std_score_time":0.0003452642,"param_min_samples_leaf":3,"params":{"min_samples_leaf":2},"split0_test_score":0.9330885587,"split1_test_score":0.9357403734,"split2_test_score":0.9302225319,"split3_test_score":0.9337803433,"split4_test_score":0.9358619358,"mean_test_score":0.9337387486,"std_test_score":0.0020641067,"rank_test_score":1}
{"mean_fit_time":7.090404129,"std_fit_time":0.0215788227,"mean_score_time":0.0319130898,"std_score_time":0.0022205912,"param_min_samples_leaf":4,"params":{"min_samples_leaf":4},"split0_test_score":0.9329218344,"split1_test_score":0.9353828328,"split2_test_score":0.9299029983,"split3_test_score":0.9339929523,"split4_test_score":0.9358184256,"mean_test_score":0.9336038087,"std_test_score":0.0021157492,"rank_test_score":2}
{"mean_fit_time":6.6282921314,"std_fit_time":0.0220117378,"mean_score_time":0.0310865879,"std_score_time":0.0016376962,"param_min_samples_leaf":5,"params":{"min_samples_leaf":5},"split0_test_score":0.9330799091,"split1_test_score":0.9341548992,"split2_test_score":0.9293847753,"split3_test_score":0.9339056212,"split4_test_score":0.9359137054,"mean_test_score":0.933287782,"std_test_score":0.0021589703,"rank_test_score":3}
{"mean_fit_time":9.4531657696,"std_fit_time":0.0099595697,"mean_score_time":0.0338542461,"std_score_time":0.0027072249,"param_min_samples_leaf":2,"params":{"min_samples_leaf":2},"split0_test_score":0.9320039719,"split1_test_score":0.9352812419,"split2_test_score":0.9297518946,"split3_test_score":0.9330407139,"split4_test_score":0.9345573813,"mean_test_score":0.9329270407,"std_test_score":0.0019568752,"rank_test_score":4}
{"mean_fit_time":16.423108387,"std_fit_time":1.2129653237,"mean_score_time":0.05667696,"std_score_time":0.0301647012,"param_min_samples_leaf":1,"params":{"min_samples_leaf":1},"split0_test_score":0.9291150703,"split1_test_score":0.9325800527,"split2_test_score":0.9279756614,"split3_test_score":0.9299977376,"split4_test_score":0.9316689904,"mean_test_score":0.9302675025,"std_test_score":0.0016712549,"rank_test_score":5}
