{"mean_fit_time":0.4086192131,"std_fit_time":0.0049327161,"mean_score_time":0.0233333111,"std_score_time":0.0005750035,"param_min_samples_leaf":1,"params":{"min_samples_leaf":1},"split0_test_score":0.9727790795,"split1_test_score":0.9093016761,"split2_test_score":0.9348675571,"split3_test_score":0.968085286,"split4_test_score":0.9431670396,"mean_test_score":0.9456401276,"std_test_score":0.0231644354,"rank_test_score":1}
{"mean_fit_time":0.2986163616,"std_fit_time":0.004290578,"mean_score_time":0.0231773853,"std_score_time":0.0006396611,"param_min_samples_leaf":2,"params":{"min_samples_leaf":2},"split0_test_score":0.8467403482,"split1_test_score":0.7994056864,"split2_test_score":0.903735248,"split3_test_score":0.9478111638,"split4_test_score":0.9377585226,"mean_test_score":0.8870901938,"std_test_score":0.056299301,"rank_test_score":2}
{"mean_fit_time":0.257668829,"std_fit_time":0.0010870712,"mean_score_time":0.0228123665,"std_score_time":0.0008117352,"param_min_samples_leaf":3,"params":{"min_samples_leaf":3},"split0_test_score":0.6203834254,"split1_test_score":0.6599139306,"split2_test_score":0.6784798258,"split3_test_score":0.7730046476,"split4_test_score":0.934386295,"mean_test_score":0.7332336249,"std_test_score":0.1123859907,"rank_test_score":3}
{"mean_fit_time":0.2373230934,"std_fit_time":0.0096186137,"mean_score_time":0.0227520943,"std_score_time":0.0006120208,"param_min_samples_leaf":4,"params":{"min_samples_leaf":4},"split0_test_score":0.5717274453,"split1_test_score":0.5247023801,"split2_test_score":0.1754219081,"split3_test_score":0.6529070646,"split4_test_score":0.9336538434,"mean_test_score":0.5716825283,"std_test_score":0.2436597109,"rank_test_score":4}
{"mean_fit_time":0.21932621,"std_fit_time":0.0030495883,"mean_score_time":0.023302412,"std_score_time":0.0007594691,"param_min_samples_leaf":5,"params":{"min_samples_leaf":5},"split0_test_score":0.5233820397,"split1_test_score":0.451095234,"split2_test_score":0.2942844505,"split3_test_score":0.577416294,"split4_test_score":0.9232928431,"mean_test_score":0.5538941723,"std_test_score":0.2078001385,"rank_test_score":5}
