{"mean_fit_time":6.7292664051,"std_fit_time":0.0384028005,"mean_score_time":0.033326149,"std_score_time":0.0011008492,"param_min_samples_leaf":4,"params":{"min_samples_leaf":2},"split0_test_score":0.9176024309,"split1_test_score":0.9187359857,"split2_test_score":0.9253326098,"split3_test_score":0.9170942075,"split4_test_score":0.9186187961,"mean_test_score":0.919476806,"std_test_score":0.0029921728,"rank_test_score":1}
{"mean_fit_time":7.4519233227,"std_fit_time":0.0286718791,"mean_score_time":0.0342636108,"std_score_time":0.0030853931,"param_min_samples_leaf":3,"params":{"min_samples_leaf":3},"split0_test_score":0.9172402161,"split1_test_score":0.9198153087,"split2_test_score":0.9261292976,"split3_test_score":0.9161367566,"split4_test_score":0.9174171687,"mean_test_score":0.9193477495,"std_test_score":0.0035968687,"rank_test_score":2}
{"mean_fit_time":7.179116106,"std_fit_time":0.7149793153,"mean_score_time":0.0399801254,"std_score_time":0.0030903689,"param_min_samples_leaf":5,"params":{"min_samples_leaf":5},"split0_test_score":0.9169311027,"split1_test_score":0.9168814224,"split2_test_score":0.9243774564,"split3_test_score":0.9170658617,"split4_test_score":0.917345864,"mean_test_score":0.9185203414,"std_test_score":0.0029329998,"rank_test_score":3}
{"mean_fit_time":8.8831123829,"std_fit_time":0.0448204159,"mean_score_time":0.0350270271,"std_score_time":0.0024571189,"param_min_samples_leaf":2,"params":{"min_samples_leaf":2},"split0_test_score":0.9170285468,"split1_test_score":0.9196797555,"split2_test_score":0.9241706504,"split3_test_score":0.9134405909,"split4_test_score":0.9178979938,"mean_test_score":0.9184435075,"std_test_score":0.0035116192,"rank_test_score":4}
{"mean_fit_time":14.5519500256,"std_fit_time":0.1574503988,"mean_score_time":0.0410354137,"std_score_time":0.0043862169,"param_min_samples_leaf":1,"params":{"min_samples_leaf":1},"split0_test_score":0.912976853,"split1_test_score":0.9148789587,"split2_test_score":0.9183739547,"split3_test_score":0.9062057832,"split4_test_score":0.9122404766,"mean_test_score":0.9129352052,"std_test_score":0.0039781321,"rank_test_score":5}
