{"mean_fit_time":0.3651085854,"std_fit_time":0.0036211803,"mean_score_time":0.0251891136,"std_score_time":0.0012144852,"param_min_samples_leaf":2,"params":{"min_samples_leaf":2},"split0_test_score":0.939546512,"split1_test_score":0.9250788213,"split2_test_score":0.9237327812,"split3_test_score":0.9270733354,"split4_test_score":0.9321935974,"mean_test_score":0.9295250095,"std_test_score":0.0057772152,"rank_test_score":1}
{"mean_fit_time":0.3127097607,"std_fit_time":0.0007173952,"mean_score_time":0.0250178814,"std_score_time":0.001046103,"param_min_samples_leaf":3,"params":{"min_samples_leaf":3},"split0_test_score":0.9365244914,"split1_test_score":0.9271612026,"split2_test_score":0.9236506281,"split3_test_score":0.9277761773,"split4_test_score":0.9292876124,"mean_test_score":0.9288800224,"std_test_score":0.0042455486,"rank_test_score":2}
{"mean_fit_time":0.2843450546,"std_fit_time":0.0052603255,"mean_score_time":0.0242272854,"std_score_time":0.0005300087,"param_min_samples_leaf":4,"params":{"min_samples_leaf":4},"split0_test_score":0.9364403221,"split1_test_score":0.9260157027,"split2_test_score":0.9241273001,"split3_test_score":0.9265908798,"split4_test_score":0.9287311386,"mean_test_score":0.9283810687,"std_test_score":0.0042887853,"rank_test_score":3}
{"mean_fit_time":0.5076033592,"std_fit_time":0.0084152613,"mean_score_time":0.0267838478,"std_score_time":0.0009352537,"param_min_samples_leaf":1,"params":{"min_samples_leaf":1},"split0_test_score":0.93899065,"split1_test_score":0.9246022342,"split2_test_score":0.9208508453,"split3_test_score":0.9232717479,"split4_test_score":0.9282426145,"mean_test_score":0.9271916184,"std_test_score":0.0063654919,"rank_test_score":4}
{"mean_fit_time":0.2599281311,"std_fit_time":0.0014557425,"mean_score_time":0.0242210865,"std_score_time":0.000823578,"param_min_samples_leaf":5,"params":{"min_samples_leaf":5},"split0_test_score":0.9346256552,"split1_test_score":0.925284524,"split2_test_score":0.9217224352,"split3_test_score":0.9269916818,"split4_test_score":0.9271415228,"mean_test_score":0.9271531638,"std_test_score":0.0042154233,"rank_test_score":5}
