{"mean_fit_time":0.2489907742,"std_fit_time":0.0033427779,"mean_score_time":0.0390360355,"std_score_time":0.0296116254,"param_min_samples_leaf":5,"params":{"min_samples_leaf":5},"split0_test_score":0.8997274477,"split1_test_score":0.3962663138,"split2_test_score":0.9013430976,"split3_test_score":0.911752876,"split4_test_score":0.9104309187,"mean_test_score":0.8039041308,"std_test_score":0.2038746471,"rank_test_score":1}
{"mean_fit_time":0.2671627045,"std_fit_time":0.0063742688,"mean_score_time":0.0239647865,"std_score_time":0.0016657758,"param_min_samples_leaf":4,"params":{"min_samples_leaf":4},"split0_test_score":0.884304187,"split1_test_score":0.3956530354,"split2_test_score":0.8876697764,"split3_test_score":0.9241020701,"split4_test_score":0.9028699891,"mean_test_score":0.7989198116,"std_test_score":0.2021224272,"rank_test_score":2}
{"mean_fit_time":0.2950967312,"std_fit_time":0.0027479793,"mean_score_time":0.0248627663,"std_score_time":0.0006471276,"param_min_samples_leaf":3,"params":{"min_samples_leaf":3},"split0_test_score":0.884227462,"split1_test_score":0.397338317,"split2_test_score":0.8980405262,"split3_test_score":0.9171264654,"split4_test_score":0.8974412293,"mean_test_score":0.7988348,"std_test_score":0.2010220161,"rank_test_score":3}
{"mean_fit_time":0.3385612488,"std_fit_time":0.0022046258,"mean_score_time":0.0266177177,"std_score_time":0.0006252605,"param_min_samples_leaf":2,"params":{"min_samples_leaf":2},"split0_test_score":0.838087808,"split1_test_score":0.3976379691,"split2_test_score":0.8591116474,"split3_test_score":0.9279148342,"split4_test_score":0.9017067995,"mean_test_score":0.7848918116,"std_test_score":0.1961658803,"rank_test_score":4}
{"mean_fit_time":0.4707489491,"std_fit_time":0.0098359851,"mean_score_time":0.0258125782,"std_score_time":0.0015609391,"param_min_samples_leaf":1,"params":{"min_samples_leaf":1},"split0_test_score":0.7662525241,"split1_test_score":0.3949818762,"split2_test_score":0.890495103,"split3_test_score":0.9204106383,"split4_test_score":0.8846930586,"mean_test_score":0.77136664,"std_test_score":0.1954176174,"rank_test_score":5}
