{"mean_fit_time":0.1048667431,"std_fit_time":0.0021139573,"mean_score_time":0.0221410751,"std_score_time":0.0004738131,"param_min_samples_leaf":1,"params":{"min_samples_leaf":1},"split0_test_score":0.6788597484,"split1_test_score":0.8590868176,"split2_test_score":0.8434608934,"split3_test_score":0.6019646545,"split4_test_score":0.90841586,"mean_test_score":0.7783575948,"std_test_score":0.1172050255,"rank_test_score":1}
{"mean_fit_time":0.101458025,"std_fit_time":0.0012460984,"mean_score_time":0.0223280907,"std_score_time":0.0007029463,"param_min_samples_leaf":2,"params":{"min_samples_leaf":2},"split0_test_score":0.6811242745,"split1_test_score":0.8418325343,"split2_test_score":0.7888674495,"split3_test_score":0.6947472436,"split4_test_score":0.8719171524,"mean_test_score":0.7756977309,"std_test_score":0.076553969,"rank_test_score":2}
{"mean_fit_time":0.1001670837,"std_fit_time":0.0004676574,"mean_score_time":0.0220829487,"std_score_time":0.0005091873,"param_min_samples_leaf":3,"params":{"min_samples_leaf":3},"split0_test_score":0.611286596,"split1_test_score":0.8496925117,"split2_test_score":0.7305187555,"split3_test_score":0.7363423281,"split4_test_score":0.8435952706,"mean_test_score":0.7542870924,"std_test_score":0.0876518512,"rank_test_score":3}
{"mean_fit_time":0.1006520271,"std_fit_time":0.0009295772,"mean_score_time":0.0219939709,"std_score_time":0.0004828076,"param_min_samples_leaf":4,"params":{"min_samples_leaf":4},"split0_test_score":0.6072204297,"split1_test_score":0.8536331824,"split2_test_score":0.7068898263,"split3_test_score":0.7177888337,"split4_test_score":0.804149796,"mean_test_score":0.7379364136,"std_test_score":0.0851192556,"rank_test_score":4}
{"mean_fit_time":0.1018134117,"std_fit_time":0.0022926183,"mean_score_time":0.021831274,"std_score_time":0.000637591,"param_min_samples_leaf":5,"params":{"min_samples_leaf":5},"split0_test_score":0.7177212691,"split1_test_score":0.8427774842,"split2_test_score":0.6763211529,"split3_test_score":0.645720981,"split4_test_score":0.787563163,"mean_test_score":0.73402081,"std_test_score":0.0722309947,"rank_test_score":5}
