{"mean_fit_time":0.1561386585,"std_fit_time":0.0033452089,"mean_score_time":0.0220992088,"std_score_time":0.0006301295,"param_min_samples_leaf":4,"params":{"min_samples_leaf":4},"split0_test_score":0.9597701551,"split1_test_score":0.9573675352,"split2_test_score":0.9577459936,"split3_test_score":0.9559392886,"split4_test_score":0.9422225412,"mean_test_score":0.9546091028,"std_test_score":0.0063131893,"rank_test_score":1}
{"mean_fit_time":0.1689673424,"std_fit_time":0.0041504595,"mean_score_time":0.0223287582,"std_score_time":0.0007245331,"param_min_samples_leaf":3,"params":{"min_samples_leaf":3},"split0_test_score":0.9596758516,"split1_test_score":0.9567990711,"split2_test_score":0.9581503061,"split3_test_score":0.9550390187,"split4_test_score":0.9424075288,"mean_test_score":0.9544143553,"std_test_score":0.0061948629,"rank_test_score":2}
{"mean_fit_time":0.1467038631,"std_fit_time":0.0010660698,"mean_score_time":0.0223255157,"std_score_time":0.0003838507,"param_min_samples_leaf":5,"params":{"min_samples_leaf":5},"split0_test_score":0.9585378563,"split1_test_score":0.9567695852,"split2_test_score":0.9581050372,"split3_test_score":0.95575891,"split4_test_score":0.9422216129,"mean_test_score":0.9542786003,"std_test_score":0.0061081937,"rank_test_score":3}
{"mean_fit_time":0.2005741596,"std_fit_time":0.028839837,"mean_score_time":0.0222685814,"std_score_time":0.0003723453,"param_min_samples_leaf":2,"params":{"min_samples_leaf":2},"split0_test_score":0.9580892647,"split1_test_score":0.9550131308,"split2_test_score":0.9575945979,"split3_test_score":0.9539258697,"split4_test_score":0.9413321142,"mean_test_score":0.9531909955,"std_test_score":0.0061298946,"rank_test_score":4}
{"mean_fit_time":0.241305542,"std_fit_time":0.0014615658,"mean_score_time":0.0231116772,"std_score_time":0.0005625943,"param_min_samples_leaf":1,"params":{"min_samples_leaf":1},"split0_test_score":0.9567309749,"split1_test_score":0.9551425977,"split2_test_score":0.9546935079,"split3_test_score":0.9540829652,"split4_test_score":0.940706033,"mean_test_score":0.9522712157,"std_test_score":0.0058487208,"rank_test_score":5}
