{"mean_fit_time":0.1003041267,"std_fit_time":0.0061598995,"mean_score_time":0.0218472004,"std_score_time":0.0004147633,"param_min_samples_leaf":3,"params":{"min_samples_leaf":3},"split0_test_score":0.8883498985,"split1_test_score":0.8770943164,"split2_test_score":0.8770198347,"split3_test_score":0.8455833517,"split4_test_score":0.8685333167,"mean_test_score":0.8713161436,"std_test_score":0.0143247261,"rank_test_score":1}
{"mean_fit_time":0.0983941555,"std_fit_time":0.0020857011,"mean_score_time":0.02263484,"std_score_time":0.0008133678,"param_min_samples_leaf":2,"params":{"min_samples_leaf":2},"split0_test_score":0.8861086772,"split1_test_score":0.8757748511,"split2_test_score":0.8788667001,"split3_test_score":0.8370586216,"split4_test_score":0.8655297541,"mean_test_score":0.8686677208,"std_test_score":0.0171330057,"rank_test_score":2}
{"mean_fit_time":0.097006321,"std_fit_time":0.0011500927,"mean_score_time":0.021798563,"std_score_time":0.0007932616,"param_min_samples_leaf":4,"params":{"min_samples_leaf":4},"split0_test_score":0.8814178996,"split1_test_score":0.8638372692,"split2_test_score":0.8833357806,"split3_test_score":0.840540656,"split4_test_score":0.8583456877,"mean_test_score":0.8654954586,"std_test_score":0.015801343,"rank_test_score":3}
{"mean_fit_time":0.0999251842,"std_fit_time":0.0015521463,"mean_score_time":0.0219638824,"std_score_time":0.0004488956,"param_min_samples_leaf":1,"params":{"min_samples_leaf":1},"split0_test_score":0.8790461778,"split1_test_score":0.8671889132,"split2_test_score":0.8718889405,"split3_test_score":0.8363904637,"split4_test_score":0.8453868184,"mean_test_score":0.8599802627,"std_test_score":0.0162894911,"rank_test_score":4}
{"mean_fit_time":0.096571207,"std_fit_time":0.0005092329,"mean_score_time":0.0211100578,"std_score_time":0.0004411097,"param_min_samples_leaf":5,"params":{"min_samples_leaf":5},"split0_test_score":0.8686242946,"split1_test_score":0.8535289103,"split2_test_score":0.8771368075,"split3_test_score":0.8521262814,"split4_test_score":0.8456004276,"mean_test_score":0.8594033443,"std_test_score":0.0116403331,"rank_test_score":5}
