{"mean_fit_time":0.9495657444,"std_fit_time":0.0096679101,"mean_score_time":0.030316925,"std_score_time":0.0009654114,"param_min_samples_leaf":2,"params":{"min_samples_leaf":2},"split0_test_score":0.9306306972,"split1_test_score":0.9386058687,"split2_test_score":0.9396679436,"split3_test_score":0.9213742551,"split4_test_score":0.9269442669,"mean_test_score":0.9314446063,"std_test_score":0.0069459979,"rank_test_score":1}
{"mean_fit_time":1.5114928722,"std_fit_time":0.1250576128,"mean_score_time":0.0389439106,"std_score_time":0.0073805656,"param_min_samples_leaf":1,"params":{"min_samples_leaf":1},"split0_test_score":0.9290833602,"split1_test_score":0.941354925,"split2_test_score":0.9391197005,"split3_test_score":0.9189581145,"split4_test_score":0.9276612922,"mean_test_score":0.9312354785,"std_test_score":0.0081572574,"rank_test_score":2}
{"mean_fit_time":0.7960618973,"std_fit_time":0.0105317072,"mean_score_time":0.0306073189,"std_score_time":0.0009277172,"param_min_samples_leaf":3,"params":{"min_samples_leaf":3},"split0_test_score":0.9302788617,"split1_test_score":0.938197744,"split2_test_score":0.9359874556,"split3_test_score":0.9214377001,"split4_test_score":0.9262346255,"mean_test_score":0.9304272774,"std_test_score":0.0061596849,"rank_test_score":3}
{"mean_fit_time":0.7395998955,"std_fit_time":0.0104480495,"mean_score_time":0.0303706646,"std_score_time":0.0004831424,"param_min_samples_leaf":4,"params":{"min_samples_leaf":4},"split0_test_score":0.9290923733,"split1_test_score":0.9368295373,"split2_test_score":0.9334836718,"split3_test_score":0.9175660544,"split4_test_score":0.9239570786,"mean_test_score":0.9281857431,"std_test_score":0.0068449193,"rank_test_score":4}
{"mean_fit_time":0.6833889961,"std_fit_time":0.0081614843,"mean_score_time":0.0290093899,"std_score_time":0.0005217598,"param_min_samples_leaf":5,"params":{"min_samples_leaf":5},"split0_test_score":0.9300490232,"split1_test_score":0.9348410258,"split2_test_score":0.9315752604,"split3_test_score":0.9152631035,"split4_test_score":0.9224779437,"mean_test_score":0.9268412713,"std_test_score":0.0070680831,"rank_test_score":5}
