{"mean_fit_time":4.1740442753,"std_fit_time":0.0755984408,"mean_score_time":0.0292207718,"std_score_time":0.0009008813,"param_min_samples_leaf":2,"params":{"min_samples_leaf":2},"split0_test_score":0.9324003868,"split1_test_score":0.933857542,"split2_test_score":0.9390105561,"split3_test_score":0.9343796942,"split4_test_score":0.9405099857,"mean_test_score":0.936031633,"std_test_score":0.003148687,"rank_test_score":1}
{"mean_fit_time":6.4959342003,"std_fit_time":0.184584462,"mean_score_time":0.0355757236,"std_score_time":0.0017415496,"param_min_samples_leaf":1,"params":{"min_samples_leaf":1},"split0_test_score":0.9321081871,"split1_test_score":0.9347467971,"split2_test_score":0.9387871984,"split3_test_score":0.9332273229,"split4_test_score":0.9390102274,"mean_test_score":0.9355759466,"std_test_score":0.0028402571,"rank_test_score":2}
{"mean_fit_time":3.8213802814,"std_fit_time":0.3379476055,"mean_score_time":0.0363226891,"std_score_time":0.0107786282,"param_min_samples_leaf":3,"params":{"min_samples_leaf":3},"split0_test_score":0.9309861558,"split1_test_score":0.933071421,"split2_test_score":0.9377627569,"split3_test_score":0.9328022185,"split4_test_score":0.9389688997,"mean_test_score":0.9347182904,"std_test_score":0.0030870308,"rank_test_score":3}
{"mean_fit_time":3.7461201191,"std_fit_time":0.4768179693,"mean_score_time":0.0343969822,"std_score_time":0.0050463369,"param_min_samples_leaf":4,"params":{"min_samples_leaf":4},"split0_test_score":0.9298496632,"split1_test_score":0.9306843228,"split2_test_score":0.9366572768,"split3_test_score":0.9325498552,"split4_test_score":0.9368505322,"mean_test_score":0.93331833,"std_test_score":0.0029388847,"rank_test_score":4}
{"mean_fit_time":2.9558498859,"std_fit_time":0.1600166754,"mean_score_time":0.0327637672,"std_score_time":0.0016543376,"param_min_samples_leaf":5,"params":{"min_samples_leaf":5},"split0_test_score":0.9297953834,"split1_test_score":0.9309094255,"split2_test_score":0.9339142388,"split3_test_score":0.9283806186,"split4_test_score":0.9351802064,"mean_test_score":0.9316359745,"std_test_score":0.0025402779,"rank_test_score":5}
