{"mean_fit_time":0.29523983,"std_fit_time":0.0029658911,"mean_score_time":0.0262581348,"std_score_time":0.0016394876,"param_min_samples_leaf":4,"params":{"min_samples_leaf":4},"split0_test_score":0.9252504812,"split1_test_score":0.9321855332,"split2_test_score":0.9395996995,"split3_test_score":0.9263952578,"split4_test_score":0.9362538992,"mean_test_score":0.9319369742,"std_test_score":0.0055287393,"rank_test_score":1}
{"mean_fit_time":0.3312099934,"std_fit_time":0.0040226028,"mean_score_time":0.0260556698,"std_score_time":0.0009511852,"param_min_samples_leaf":3,"params":{"min_samples_leaf":3},"split0_test_score":0.9238976259,"split1_test_score":0.9329428525,"split2_test_score":0.9404365338,"split3_test_score":0.9265301009,"split4_test_score":0.9355272236,"mean_test_score":0.9318668673,"std_test_score":0.0059997503,"rank_test_score":2}
{"mean_fit_time":0.3865398407,"std_fit_time":0.007177657,"mean_score_time":0.0265583515,"std_score_time":0.0004157395,"param_min_samples_leaf":2,"params":{"min_samples_leaf":2},"split0_test_score":0.9229828456,"split1_test_score":0.9331537211,"split2_test_score":0.9401135318,"split3_test_score":0.9277674545,"split4_test_score":0.9348935903,"mean_test_score":0.9317822287,"std_test_score":0.0059079561,"rank_test_score":3}
{"mean_fit_time":0.2764355183,"std_fit_time":0.0023208138,"mean_score_time":0.0243066311,"std_score_time":0.0010699552,"param_min_samples_leaf":5,"params":{"min_samples_leaf":5},"split0_test_score":0.9249730825,"split1_test_score":0.9309921469,"split2_test_score":0.9394403006,"split3_test_score":0.9248468022,"split4_test_score":0.9344890426,"mean_test_score":0.930948275,"std_test_score":0.0056139889,"rank_test_score":4}
{"mean_fit_time":0.5357620239,"std_fit_time":0.0145057922,"mean_score_time":0.0249442577,"std_score_time":0.0011548284,"param_min_samples_leaf":1,"params":{"min_samples_leaf":1},"split0_test_score":0.9205923122,"split1_test_score":0.9320860315,"split2_test_score":0.9394700359,"split3_test_score":0.9252672383,"split4_test_score":0.9294115432,"mean_test_score":0.9293654322,"std_test_score":0.0063760431,"rank_test_score":5}
